	PLAYER_ID	PLAYER_NAME	PLAYER_LAST_TEAM_ID	PLAYER_LAST_TEAM_ABBREVIATION	AGE	GP	G	FGA_FREQUENCY	FGM	FGA	FG_PCT	EFG_PCT	FG2A_FREQUENCY	FG2M	FG2A	FG2_PCT	FG3A_FREQUENCY	FG3M	FG3A	FG3_PCT
0	1628982	Melvin Frazier Jr.	1610612760	OKC	25.0	3	3	0.146	1.0	2.33	0.429	0.429	0.146	1.0	2.33	0.429	0.0	0.0	0.0	
1	1630285	Zavier Simpson	1610612760	OKC	25.0	4	4	0.173	0.25	2.25	0.111	0.111	0.173	0.25	2.25	0.111	0.0	0.0	0.0	
2	203999	Nikola Jokic	1610612743	DEN	27.0	74	62	0.12	1.12	2.12	0.529	0.529	0.12	1.12	2.12	0.529	0.0	0.0	0.0	
3	203076	Anthony Davis	1610612747	LAL	29.0	40	32	0.118	1.33	2.05	0.646	0.646	0.118	1.33	2.05	0.646	0.0	0.0	0.0	
4	1627734	Domantas Sabonis	1610612758	SAC	26.0	62	53	0.163	1.18	2.03	0.579	0.579	0.163	1.18	2.03	0.579	0.0	0.0	0.0	
5	1629005	Malik Newman	1610612739	CLE	25.0	1	1	0.4	1.0	2.0	0.5	0.5	0.4	1.0	2.0	0.5	0.0	0.0	0.0	
6	1629630	Ja Morant	1610612763	MEM	22.0	56	49	0.096	0.77	1.98	0.387	0.387	0.096	0.77	1.98	0.387	0.0	0.0	0.0	
7	203994	Jusuf Nurkic	1610612757	POR	27.0	56	43	0.183	1.0	1.96	0.509	0.509	0.183	1.0	1.96	0.509	0.0	0.0	0.0	
8	1627763	Malcolm Brogdon	1610612754	IND	29.0	36	30	0.123	0.92	1.86	0.493	0.493	0.122	0.92	1.83	0.5	0.002	0.0	0.03	0.0
9	203078	Bradley Beal	1610612764	WAS	29.0	40	34	0.096	0.93	1.85	0.5	0.5	0.096	0.93	1.85	0.5	0.0	0.0	0.0	
10	201566	Russell Westbrook	1610612747	LAL	33.0	78	63	0.113	0.78	1.78	0.439	0.439	0.113	0.78	1.78	0.439	0.0	0.0	0.0	
11	1628369	Jayson Tatum	1610612738	BOS	24.0	75	62	0.086	0.72	1.76	0.409	0.409	0.085	0.72	1.75	0.412	0.001	0.0	0.01	0.0
12	1629658	Jaylen Hoard	1610612760	OKC	23.0	7	6	0.133	0.71	1.71	0.417	0.417	0.133	0.71	1.71	0.417	0.0	0.0	0.0	
13	203507	Giannis Antetokounmpo	1610612749	MIL	27.0	67	53	0.091	0.9	1.69	0.531	0.531	0.091	0.9	1.69	0.531	0.0	0.0	0.0	
14	1629628	RJ Barrett	1610612752	NYK	22.0	69	55	0.098	0.57	1.67	0.339	0.339	0.098	0.57	1.67	0.339	0.0	0.0	0.0	
15	1628386	Jarrett Allen	1610612739	CLE	24.0	56	47	0.171	1.04	1.66	0.624	0.624	0.171	1.04	1.66	0.624	0.0	0.0	0.0	
16	1627751	Jakob Poeltl	1610612759	SAS	26.0	68	52	0.17	0.97	1.66	0.584	0.584	0.17	0.97	1.66	0.584	0.0	0.0	0.0	
17	201950	Jrue Holiday	1610612749	MIL	32.0	67	55	0.113	0.78	1.61	0.481	0.481	0.11	0.78	1.57	0.495	0.003	0.0	0.04	0.0
18	1630532	Franz Wagner	1610612753	ORL	20.0	79	64	0.13	0.59	1.61	0.37	0.37	0.129	0.59	1.59	0.373	0.001	0.0	0.01	0.0
19	202681	Kyrie Irving	1610612751	BKN	30.0	29	23	0.075	0.83	1.59	0.522	0.533	0.07	0.79	1.48	0.535	0.005	0.03	0.1	0.333
20	1627749	Dejounte Murray	1610612759	SAS	25.0	68	57	0.087	0.75	1.59	0.472	0.472	0.087	0.75	1.59	0.472	0.0	0.0	0.0	
21	2544	LeBron James	1610612747	LAL	37.0	56	43	0.072	0.98	1.57	0.625	0.625	0.072	0.98	1.57	0.625	0.0	0.0	0.0	
22	1630596	Evan Mobley	1610612739	CLE	21.0	69	54	0.13	0.91	1.57	0.583	0.583	0.13	0.91	1.57	0.583	0.0	0.0	0.0	
23	1628368	De'Aaron Fox	1610612758	SAC	24.0	58	51	0.084	0.79	1.57	0.505	0.505	0.084	0.79	1.57	0.505	0.0	0.0	0.0	
24	1626149	Montrezl Harrell	1610612766	CHA	28.0	71	55	0.192	0.99	1.51	0.654	0.654	0.192	0.99	1.51	0.654	0.0	0.0	0.0	
25	203954	Joel Embiid	1610612755	PHI	28.0	68	49	0.076	0.76	1.49	0.515	0.515	0.076	0.76	1.49	0.515	0.0	0.0	0.0	
26	1628983	Shai Gilgeous-Alexander	1610612760	OKC	23.0	56	41	0.077	0.59	1.45	0.407	0.407	0.073	0.59	1.38	0.429	0.004	0.0	0.07	0.0
27	203081	Damian Lillard	1610612757	POR	31.0	29	23	0.076	0.45	1.45	0.31	0.345	0.054	0.34	1.03	0.333	0.022	0.1	0.41	0.25
28	1630581	Josh Giddey	1610612760	OKC	19.0	54	43	0.115	0.7	1.43	0.494	0.494	0.113	0.7	1.41	0.5	0.001	0.0	0.02	0.0
29	1630578	Alperen Sengun	1610612745	HOU	19.0	72	48	0.194	0.76	1.42	0.539	0.539	0.194	0.76	1.42	0.539	0.0	0.0	0.0	
30	1626157	Karl-Anthony Towns	1610612750	MIN	26.0	74	59	0.087	0.64	1.42	0.448	0.448	0.087	0.64	1.42	0.448	0.0	0.0	0.0	
31	1629640	Keldon Johnson	1610612759	SAS	22.0	75	55	0.105	0.59	1.41	0.415	0.415	0.105	0.59	1.41	0.415	0.0	0.0	0.0	
32	1628963	Marvin Bagley III	1610612765	DET	23.0	48	33	0.15	0.71	1.4	0.507	0.507	0.15	0.71	1.4	0.507	0.0	0.0	0.0	
33	202710	Jimmy Butler	1610612748	MIA	32.0	57	43	0.096	0.63	1.4	0.45	0.456	0.094	0.61	1.37	0.449	0.002	0.02	0.04	0.5
34	203497	Rudy Gobert	1610612762	UTA	30.0	66	48	0.181	0.88	1.39	0.63	0.63	0.181	0.88	1.39	0.63	0.0	0.0	0.0	
35	1628991	Jaren Jackson Jr.	1610612763	MEM	22.0	77	53	0.105	0.77	1.39	0.551	0.551	0.105	0.77	1.39	0.551	0.0	0.0	0.0	
36	1627783	Pascal Siakam	1610612761	TOR	28.0	68	47	0.077	0.74	1.37	0.538	0.538	0.077	0.74	1.37	0.538	0.0	0.0	0.0	
37	1627759	Jaylen Brown	1610612738	BOS	25.0	65	45	0.071	0.52	1.31	0.4	0.406	0.068	0.51	1.26	0.402	0.002	0.02	0.05	0.333
38	1630678	Terry Taylor	1610612754	IND	22.0	33	19	0.196	0.85	1.3	0.651	0.651	0.196	0.85	1.3	0.651	0.0	0.0	0.0	
39	1627826	Ivica Zubac	1610612746	LAC	25.0	76	52	0.2	0.67	1.3	0.515	0.515	0.2	0.67	1.3	0.515	0.0	0.0	0.0	
40	1630256	Jae'Sean Tate	1610612745	HOU	26.0	78	59	0.137	0.55	1.28	0.43	0.43	0.137	0.55	1.28	0.43	0.0	0.0	0.0	
41	1627747	Caris LeVert	1610612739	CLE	27.0	58	41	0.087	0.52	1.28	0.405	0.405	0.087	0.52	1.28	0.405	0.0	0.0	0.0	
42	1629012	Collin Sexton	1610612739	CLE	23.0	11	8	0.095	0.82	1.27	0.643	0.643	0.095	0.82	1.27	0.643	0.0	0.0	0.0	
43	1628389	Bam Adebayo	1610612748	MIA	24.0	56	38	0.097	0.75	1.27	0.592	0.592	0.097	0.75	1.27	0.592	0.0	0.0	0.0	
44	1630191	Isaiah Stewart	1610612765	DET	21.0	70	53	0.184	0.56	1.27	0.438	0.438	0.184	0.56	1.27	0.438	0.0	0.0	0.0	
45	1628415	Dillon Brooks	1610612763	MEM	26.0	31	25	0.077	0.45	1.26	0.359	0.359	0.077	0.45	1.26	0.359	0.0	0.0	0.0	
46	202711	Bojan Bogdanovic	1610612762	UTA	33.0	69	50	0.093	0.55	1.25	0.442	0.448	0.091	0.54	1.23	0.435	0.001	0.01	0.01	1.0
47	1630595	Cade Cunningham	1610612765	DET	20.0	63	46	0.077	0.57	1.24	0.462	0.462	0.076	0.57	1.22	0.468	0.001	0.0	0.02	0.0
48	203991	Clint Capela	1610612737	ATL	28.0	74	45	0.153	0.51	1.24	0.413	0.413	0.153	0.51	1.24	0.413	0.0	0.0	0.0	
49	1629639	Tyler Herro	1610612748	MIA	22.0	66	46	0.073	0.5	1.24	0.402	0.421	0.069	0.45	1.17	0.39	0.004	0.05	0.08	0.6
50	202699	Tobias Harris	1610612755	PHI	29.0	73	48	0.085	0.58	1.19	0.483	0.483	0.085	0.58	1.19	0.483	0.0	0.0	0.0	
51	1628378	Donovan Mitchell	1610612762	UTA	25.0	67	48	0.057	0.55	1.18	0.468	0.494	0.051	0.49	1.04	0.471	0.007	0.06	0.13	0.444
52	1626181	Norman Powell	1610612746	LAC	29.0	45	33	0.088	0.44	1.18	0.377	0.387	0.083	0.42	1.11	0.38	0.005	0.02	0.07	0.333
53	203924	Jerami Grant	1610612765	DET	28.0	47	33	0.079	0.51	1.17	0.436	0.436	0.079	0.51	1.17	0.436	0.0	0.0	0.0	
54	202685	Jonas Valanciunas	1610612740	NOP	30.0	73	50	0.091	0.55	1.16	0.471	0.471	0.091	0.55	1.16	0.471	0.0	0.0	0.0	
55	204001	Kristaps Porzingis	1610612764	WAS	26.0	51	34	0.077	0.49	1.16	0.424	0.424	0.077	0.49	1.16	0.424	0.0	0.0	0.0	
56	1630567	Scottie Barnes	1610612761	TOR	20.0	74	52	0.091	0.55	1.15	0.482	0.482	0.091	0.55	1.15	0.482	0.0	0.0	0.0	
57	1629634	Brandon Clarke	1610612763	MEM	25.0	63	43	0.164	0.63	1.14	0.556	0.556	0.164	0.63	1.14	0.556	0.0	0.0	0.0	
58	1629655	Daniel Gafford	1610612764	WAS	23.0	72	48	0.2	0.63	1.14	0.549	0.549	0.2	0.63	1.14	0.549	0.0	0.0	0.0	
59	202696	Nikola Vucevic	1610612741	CHI	31.0	73	45	0.072	0.62	1.14	0.542	0.542	0.072	0.62	1.14	0.542	0.0	0.0	0.0	
60	203083	Andre Drummond	1610612751	BKN	28.0	73	43	0.192	0.58	1.14	0.506	0.506	0.192	0.58	1.14	0.506	0.0	0.0	0.0	
61	203897	Zach LaVine	1610612741	CHI	27.0	67	47	0.064	0.48	1.13	0.421	0.441	0.06	0.43	1.06	0.408	0.004	0.04	0.07	0.6
62	1630314	Brandon Williams	1610612757	POR	22.0	24	17	0.096	0.42	1.13	0.37	0.37	0.096	0.42	1.13	0.37	0.0	0.0	0.0	
63	1629651	Nic Claxton	1610612751	BKN	23.0	47	27	0.197	0.68	1.11	0.615	0.615	0.197	0.68	1.11	0.615	0.0	0.0	0.0	
64	1627741	Buddy Hield	1610612754	IND	29.0	80	49	0.082	0.43	1.11	0.382	0.466	0.053	0.24	0.71	0.333	0.03	0.19	0.4	0.469
65	201935	James Harden	1610612755	PHI	32.0	65	45	0.073	0.29	1.11	0.264	0.264	0.072	0.29	1.09	0.268	0.001	0.0	0.02	0.0
66	1629029	Luka Doncic	1610612742	DAL	23.0	65	42	0.051	0.55	1.09	0.507	0.507	0.05	0.55	1.08	0.514	0.001	0.0	0.02	0.0
67	203500	Steven Adams	1610612763	MEM	28.0	75	49	0.213	0.52	1.08	0.481	0.481	0.213	0.52	1.08	0.481	0.0	0.0	0.0	
68	1630231	Kenyon Martin Jr.	1610612745	HOU	21.0	79	49	0.163	0.47	1.08	0.435	0.435	0.163	0.47	1.08	0.435	0.0	0.0	0.0	
69	1630163	LaMelo Ball	1610612766	CHA	20.0	74	51	0.065	0.45	1.08	0.413	0.413	0.065	0.45	1.08	0.413	0.0	0.0	0.0	
70	1629011	Mitchell Robinson	1610612752	NYK	24.0	71	41	0.224	0.73	1.07	0.684	0.684	0.224	0.73	1.07	0.684	0.0	0.0	0.0	
71	201577	Robin Lopez	1610612753	ORL	34.0	36	20	0.19	0.58	1.06	0.553	0.553	0.19	0.58	1.06	0.553	0.0	0.0	0.0	
72	201580	JaVale McGee	1610612756	PHX	34.0	74	47	0.168	0.5	1.04	0.481	0.481	0.168	0.5	1.04	0.481	0.0	0.0	0.0	
73	1629636	Darius Garland	1610612739	CLE	22.0	68	42	0.061	0.47	1.04	0.451	0.451	0.061	0.47	1.04	0.451	0.0	0.0	0.0	
74	1628384	OG Anunoby	1610612761	TOR	24.0	48	30	0.072	0.42	1.04	0.4	0.4	0.072	0.42	1.04	0.4	0.0	0.0	0.0	
75	1630224	Jalen Green	1610612745	HOU	20.0	67	48	0.073	0.34	1.04	0.329	0.336	0.071	0.33	1.01	0.324	0.002	0.01	0.03	0.5
76	1628976	Wendell Carter Jr.	1610612753	ORL	23.0	62	39	0.094	0.55	1.03	0.531	0.531	0.094	0.55	1.03	0.531	0.0	0.0	0.0	
77	1628970	Miles Bridges	1610612766	CHA	24.0	79	47	0.068	0.53	1.03	0.519	0.519	0.067	0.53	1.01	0.525	0.001	0.0	0.01	0.0
78	1627742	Brandon Ingram	1610612740	NOP	24.0	54	33	0.057	0.46	1.02	0.455	0.455	0.056	0.46	1.0	0.463	0.001	0.0	0.02	0.0
79	1628398	Kyle Kuzma	1610612764	WAS	26.0	66	45	0.072	0.42	1.02	0.418	0.418	0.072	0.42	1.02	0.418	0.0	0.0	0.0	
80	201939	Stephen Curry	1610612744	GSW	34.0	64	42	0.053	0.33	1.02	0.323	0.377	0.041	0.22	0.78	0.28	0.012	0.11	0.23	0.467
81	1626171	Bobby Portis	1610612749	MIL	27.0	72	40	0.084	0.44	1.01	0.438	0.438	0.083	0.44	1.0	0.444	0.001	0.0	0.01	0.0
82	1628419	Cameron Oliver	1610612737	ATL	25.0	2	2	0.133	1.0	1.0	1.0	1.0	0.133	1.0	1.0	1.0	0.0	0.0	0.0	
83	1629028	Deandre Ayton	1610612756	PHX	23.0	58	34	0.084	0.66	1.0	0.655	0.655	0.084	0.66	1.0	0.655	0.0	0.0	0.0	
84	203952	Andrew Wiggins	1610612744	GSW	27.0	72	44	0.072	0.6	1.0	0.597	0.597	0.072	0.6	1.0	0.597	0.0	0.0	0.0	
85	1630162	Anthony Edwards	1610612750	MIN	20.0	72	44	0.058	0.38	1.0	0.375	0.375	0.056	0.38	0.97	0.386	0.002	0.0	0.03	0.0
86	1627832	Fred VanVleet	1610612761	TOR	28.0	65	41	0.059	0.35	1.0	0.354	0.362	0.054	0.34	0.91	0.373	0.005	0.02	0.09	0.167
87	202331	Paul George	1610612746	LAC	32.0	31	19	0.049	0.26	1.0	0.258	0.258	0.049	0.26	1.0	0.258	0.0	0.0	0.0	
88	1629309	Trayvon Palmer	1610612765	DET	27.0	1	1	1.0	0.0	1.0	0.0	0.0	1.0	0.0	1.0	0.0	0.0	0.0	0.0	
89	203816	Scotty Hopson	1610612760	OKC	32.0	1	1	0.25	0.0	1.0	0.0	0.0	0.25	0.0	1.0	0.0	0.0	0.0	0.0	
90	1628238	Paris Bass	1610612756	PHX	26.0	1	1	0.25	0.0	1.0	0.0	0.0	0.25	0.0	1.0	0.0	0.0	0.0	0.0	
91	202704	Reggie Jackson	1610612746	LAC	32.0	74	40	0.061	0.35	0.99	0.356	0.356	0.061	0.35	0.99	0.356	0.0	0.0	0.0	
92	1629057	Robert Williams III	1610612738	BOS	24.0	60	41	0.162	0.75	0.98	0.763	0.763	0.162	0.75	0.98	0.763	0.0	0.0	0.0	
93	1630549	Day'Ron Sharpe	1610612751	BKN	20.0	32	17	0.208	0.59	0.97	0.613	0.613	0.208	0.59	0.97	0.613	0.0	0.0	0.0	
94	203932	Aaron Gordon	1610612743	DEN	26.0	75	48	0.088	0.49	0.97	0.507	0.507	0.088	0.49	0.97	0.507	0.0	0.0	0.0	
95	203084	Harrison Barnes	1610612758	SAC	30.0	76	45	0.09	0.43	0.97	0.446	0.446	0.088	0.43	0.96	0.452	0.001	0.0	0.01	0.0
96	203944	Julius Randle	1610612752	NYK	27.0	71	42	0.056	0.41	0.97	0.42	0.42	0.056	0.41	0.97	0.42	0.0	0.0	0.0	
97	1626195	Willy Hernangomez	1610612740	NOP	28.0	50	28	0.147	0.48	0.96	0.5	0.5	0.147	0.48	0.96	0.5	0.0	0.0	0.0	
98	201942	DeMar DeRozan	1610612741	CHI	32.0	76	46	0.048	0.43	0.96	0.452	0.452	0.048	0.43	0.96	0.452	0.0	0.0	0.0	
99	1628404	Josh Hart	1610612757	POR	27.0	53	32	0.091	0.42	0.96	0.431	0.431	0.089	0.42	0.94	0.44	0.002	0.0	0.02	0.0
100	1630561	David Duke Jr.	1610612751	BKN	22.0	22	9	0.194	0.36	0.95	0.381	0.381	0.194	0.36	0.95	0.381	0.0	0.0	0.0	
101	202689	Kemba Walker	1610612752	NYK	32.0	37	22	0.095	0.27	0.95	0.286	0.314	0.073	0.22	0.73	0.296	0.022	0.05	0.22	0.25
102	202328	Greg Monroe	1610612750	MIN	32.0	14	9	0.228	0.5	0.93	0.538	0.538	0.228	0.5	0.93	0.538	0.0	0.0	0.0	
103	1629647	Darius Bazley	1610612760	OKC	22.0	69	44	0.099	0.29	0.93	0.313	0.313	0.097	0.29	0.91	0.317	0.002	0.0	0.01	0.0
104	203468	CJ McCollum	1610612740	NOP	30.0	62	38	0.049	0.39	0.92	0.421	0.474	0.041	0.29	0.77	0.375	0.008	0.1	0.15	0.667
105	1630175	Cole Anthony	1610612753	ORL	22.0	65	38	0.066	0.31	0.92	0.333	0.333	0.064	0.31	0.89	0.345	0.002	0.0	0.03	0.0
106	1629650	Moses Brown	1610612739	CLE	22.0	40	18	0.333	0.43	0.9	0.472	0.472	0.333	0.43	0.9	0.472	0.0	0.0	0.0	
107	1630591	Jalen Suggs	1610612753	ORL	21.0	48	28	0.079	0.31	0.9	0.349	0.349	0.075	0.31	0.85	0.366	0.004	0.0	0.04	0.0
108	1628380	Zach Collins	1610612759	SAS	24.0	28	17	0.161	0.46	0.89	0.52	0.52	0.161	0.46	0.89	0.52	0.0	0.0	0.0	
109	203915	Spencer Dinwiddie	1610612742	DAL	29.0	67	37	0.08	0.43	0.88	0.492	0.492	0.076	0.43	0.84	0.518	0.004	0.0	0.04	0.0
110	1628449	Chris Boucher	1610612761	TOR	29.0	80	42	0.122	0.29	0.88	0.329	0.329	0.122	0.29	0.88	0.329	0.0	0.0	0.0	
111	1628381	John Collins	1610612737	ATL	24.0	54	31	0.073	0.43	0.87	0.489	0.489	0.073	0.43	0.87	0.489	0.0	0.0	0.0	
112	1629673	Jordan Poole	1610612744	GSW	23.0	75	43	0.062	0.35	0.87	0.4	0.423	0.056	0.31	0.77	0.397	0.007	0.04	0.09	0.429
113	203115	Will Barton	1610612743	DEN	31.0	71	38	0.068	0.34	0.86	0.393	0.393	0.067	0.34	0.85	0.4	0.001	0.0	0.01	0.0
114	1629027	Trae Young	1610612737	ATL	23.0	76	40	0.042	0.14	0.86	0.169	0.169	0.041	0.14	0.83	0.175	0.001	0.0	0.03	0.0
115	1626174	Christian Wood	1610612745	HOU	26.0	68	37	0.066	0.6	0.85	0.707	0.707	0.066	0.6	0.85	0.707	0.0	0.0	0.0	
116	1629631	De'Andre Hunter	1610612737	ATL	24.0	53	31	0.078	0.42	0.85	0.489	0.489	0.078	0.42	0.85	0.489	0.0	0.0	0.0	
117	1630173	Precious Achiuwa	1610612761	TOR	22.0	73	39	0.103	0.4	0.85	0.468	0.468	0.101	0.4	0.84	0.475	0.002	0.0	0.01	0.0
118	1630178	Tyrese Maxey	1610612755	PHI	21.0	75	41	0.064	0.31	0.85	0.359	0.359	0.063	0.31	0.84	0.365	0.001	0.0	0.01	0.0
119	1628372	Dennis Smith Jr.	1610612757	POR	24.0	37	22	0.164	0.35	0.84	0.419	0.419	0.164	0.35	0.84	0.419	0.0	0.0	0.0	
120	1626166	Cameron Payne	1610612756	PHX	27.0	57	32	0.083	0.3	0.84	0.354	0.354	0.08	0.3	0.81	0.37	0.003	0.0	0.04	0.0
121	1630543	Isaiah Jackson	1610612754	IND	20.0	36	19	0.146	0.56	0.83	0.667	0.667	0.146	0.56	0.83	0.667	0.0	0.0	0.0	
122	1630529	Herbert Jones	1610612740	NOP	23.0	77	44	0.113	0.29	0.83	0.344	0.344	0.113	0.29	0.83	0.344	0.0	0.0	0.0	
123	1629234	Drew Eubanks	1610612757	POR	25.0	71	36	0.156	0.42	0.82	0.517	0.517	0.156	0.42	0.82	0.517	0.0	0.0	0.0	
124	1626164	Devin Booker	1610612756	PHX	25.0	67	39	0.039	0.39	0.81	0.481	0.481	0.039	0.39	0.81	0.481	0.0	0.0	0.0	
125	1626168	Trey Lyles	1610612758	SAC	26.0	74	40	0.108	0.39	0.81	0.483	0.483	0.108	0.39	0.81	0.483	0.0	0.0	0.0	
126	1628998	Cody Martin	1610612766	CHA	26.0	70	41	0.136	0.34	0.81	0.421	0.421	0.136	0.34	0.81	0.421	0.0	0.0	0.0	
127	1630558	Davion Mitchell	1610612758	SAC	23.0	74	41	0.071	0.38	0.8	0.475	0.475	0.071	0.38	0.8	0.475	0.0	0.0	0.0	
128	1629638	Nickeil Alexander-Walker	1610612762	UTA	23.0	64	34	0.076	0.27	0.8	0.333	0.333	0.073	0.27	0.77	0.347	0.003	0.0	0.03	0.0
129	202326	DeMarcus Cousins	1610612743	DEN	31.0	48	24	0.117	0.4	0.79	0.5	0.5	0.117	0.4	0.79	0.5	0.0	0.0	0.0	
130	1630171	Isaac Okoro	1610612739	CLE	21.0	67	36	0.123	0.3	0.79	0.377	0.377	0.123	0.3	0.79	0.377	0.0	0.0	0.0	
131	1628365	Markelle Fultz	1610612753	ORL	24.0	18	10	0.08	0.39	0.78	0.5	0.5	0.08	0.39	0.78	0.5	0.0	0.0	0.0	
132	201142	Kevin Durant	1610612751	BKN	33.0	55	31	0.039	0.38	0.78	0.488	0.512	0.036	0.35	0.73	0.475	0.003	0.04	0.05	0.667
133	1629048	Goga Bitadze	1610612754	IND	22.0	50	20	0.155	0.38	0.78	0.487	0.487	0.155	0.38	0.78	0.487	0.0	0.0	0.0	
134	203903	Jordan Clarkson	1610612762	UTA	30.0	79	38	0.055	0.34	0.77	0.443	0.475	0.043	0.29	0.61	0.479	0.012	0.05	0.16	0.308
135	1628401	Derrick White	1610612738	BOS	27.0	75	38	0.073	0.32	0.77	0.414	0.414	0.071	0.32	0.76	0.421	0.001	0.0	0.01	0.0
136	1630180	Saddiq Bey	1610612765	DET	23.0	81	46	0.055	0.27	0.77	0.355	0.355	0.054	0.27	0.75	0.361	0.001	0.0	0.01	0.0
137	1626162	Kelly Oubre Jr.	1610612766	CHA	26.0	75	39	0.062	0.39	0.76	0.509	0.509	0.062	0.39	0.76	0.509	0.0	0.0	0.0	
138	1630537	Chris Duarte	1610612754	IND	25.0	55	30	0.068	0.27	0.76	0.357	0.381	0.063	0.24	0.71	0.333	0.005	0.04	0.05	0.667
139	1630205	Lamar Stevens	1610612739	CLE	24.0	63	33	0.147	0.49	0.75	0.66	0.66	0.147	0.49	0.75	0.66	0.0	0.0	0.0	
140	1626158	Richaun Holmes	1610612758	SAC	28.0	44	23	0.114	0.48	0.75	0.636	0.636	0.114	0.48	0.75	0.636	0.0	0.0	0.0	
141	202355	Hassan Whiteside	1610612762	UTA	33.0	65	32	0.148	0.4	0.75	0.531	0.531	0.148	0.4	0.75	0.531	0.0	0.0	0.0	
142	1626179	Terry Rozier	1610612766	CHA	28.0	72	36	0.047	0.39	0.75	0.519	0.537	0.043	0.36	0.69	0.52	0.003	0.03	0.06	0.5
143	1628977	Hamidou Diallo	1610612765	DET	23.0	57	26	0.084	0.33	0.75	0.442	0.442	0.084	0.33	0.75	0.442	0.0	0.0	0.0	
144	203482	Kelly Olynyk	1610612765	DET	31.0	40	22	0.105	0.3	0.75	0.4	0.417	0.094	0.28	0.68	0.407	0.01	0.03	0.08	0.333
145	1626156	D'Angelo Russell	1610612750	MIN	26.0	65	39	0.05	0.25	0.75	0.327	0.327	0.048	0.25	0.72	0.34	0.002	0.0	0.03	0.0
146	1629035	Carsen Edwards	1610612765	DET	24.0	4	2	0.1	0.0	0.75	0.0	0.0	0.1	0.0	0.75	0.0	0.0	0.0	0.0	
147	1629020	Jarred Vanderbilt	1610612750	MIN	23.0	74	41	0.152	0.35	0.74	0.473	0.473	0.152	0.35	0.74	0.473	0.0	0.0	0.0	
148	202324	Derrick Favors	1610612760	OKC	30.0	39	20	0.159	0.31	0.74	0.414	0.414	0.159	0.31	0.74	0.414	0.0	0.0	0.0	
149	202683	Enes Freedom	1610612738	BOS	30.0	34	14	0.258	0.29	0.74	0.4	0.4	0.258	0.29	0.74	0.4	0.0	0.0	0.0	
150	1627745	Damian Jones	1610612758	SAC	27.0	55	24	0.15	0.51	0.73	0.7	0.7	0.15	0.51	0.73	0.7	0.0	0.0	0.0	
151	1630166	Deni Avdija	1610612764	WAS	21.0	82	42	0.104	0.38	0.73	0.517	0.517	0.104	0.38	0.73	0.517	0.0	0.0	0.0	
152	1626172	Kevon Looney	1610612744	GSW	26.0	81	37	0.165	0.35	0.73	0.475	0.475	0.165	0.35	0.73	0.475	0.0	0.0	0.0	
153	1629659	Talen Horton-Tucker	1610612747	LAL	21.0	60	29	0.082	0.25	0.73	0.341	0.341	0.082	0.25	0.73	0.341	0.0	0.0	0.0	
154	203114	Khris Middleton	1610612749	MIL	30.0	66	35	0.047	0.24	0.73	0.333	0.333	0.046	0.24	0.71	0.34	0.001	0.0	0.02	0.0
155	1630200	Tre Jones	1610612759	SAS	22.0	69	34	0.148	0.35	0.72	0.48	0.48	0.148	0.35	0.72	0.48	0.0	0.0	0.0	
156	1630197	Alekesej Pokusevski	1610612760	OKC	20.0	61	31	0.096	0.31	0.72	0.432	0.432	0.096	0.31	0.72	0.432	0.0	0.0	0.0	
157	1629676	Isaiah Roby	1610612760	OKC	24.0	45	23	0.099	0.4	0.71	0.563	0.563	0.099	0.4	0.71	0.563	0.0	0.0	0.0	
158	203471	Dennis Schroder	1610612745	HOU	28.0	63	28	0.063	0.35	0.71	0.489	0.489	0.063	0.35	0.71	0.489	0.0	0.0	0.0	
159	202684	Tristan Thompson	1610612741	CHI	31.0	56	27	0.152	0.34	0.71	0.475	0.475	0.152	0.34	0.71	0.475	0.0	0.0	0.0	
160	1630217	Desmond Bane	1610612763	MEM	24.0	76	39	0.049	0.3	0.71	0.426	0.444	0.043	0.28	0.62	0.447	0.006	0.03	0.09	0.286
161	1630228	Jonathan Kuminga	1610612744	GSW	19.0	69	34	0.11	0.28	0.71	0.388	0.388	0.11	0.28	0.71	0.388	0.0	0.0	0.0	
162	202330	Gordon Hayward	1610612766	CHA	32.0	48	22	0.057	0.17	0.71	0.235	0.235	0.057	0.17	0.71	0.235	0.0	0.0	0.0	
163	1627739	Kris Dunn	1610612757	POR	28.0	14	8	0.098	0.14	0.71	0.2	0.2	0.098	0.14	0.71	0.2	0.0	0.0	0.0	
164	201933	Blake Griffin	1610612751	BKN	33.0	56	24	0.122	0.38	0.68	0.553	0.553	0.122	0.38	0.68	0.553	0.0	0.0	0.0	
165	1629675	Naz Reid	1610612750	MIN	22.0	77	40	0.109	0.35	0.68	0.519	0.519	0.109	0.35	0.68	0.519	0.0	0.0	0.0	
166	1629117	Wenyen Gabriel	1610612747	LAL	25.0	25	11	0.157	0.32	0.68	0.471	0.471	0.157	0.32	0.68	0.471	0.0	0.0	0.0	
167	1627737	Marquese Chriss	1610612742	DAL	24.0	34	15	0.172	0.24	0.68	0.348	0.348	0.172	0.24	0.68	0.348	0.0	0.0	0.0	
168	1628969	Mikal Bridges	1610612756	PHX	25.0	81	34	0.064	0.37	0.67	0.556	0.556	0.063	0.37	0.65	0.566	0.001	0.0	0.01	0.0
169	201145	Jeff Green	1610612743	DEN	35.0	75	34	0.095	0.32	0.67	0.48	0.48	0.095	0.32	0.67	0.48	0.0	0.0	0.0	
170	201152	Thaddeus Young	1610612761	TOR	34.0	52	26	0.128	0.27	0.67	0.4	0.4	0.128	0.27	0.67	0.4	0.0	0.0	0.0	
171	1627760	Cat Barber	1610612737	ATL	27.0	3	2	0.5	0.0	0.67	0.0	0.0	0.5	0.0	0.67	0.0	0.0	0.0	0.0	
172	1629150	Emanuel Terry	1610612756	PHX	25.0	3	2	0.4	0.0	0.67	0.0	0.0	0.4	0.0	0.67	0.0	0.0	0.0	0.0	
173	1630695	Micah Potter	1610612765	DET	24.0	3	1	0.182	0.0	0.67	0.0	0.0	0.182	0.0	0.67	0.0	0.0	0.0	0.0	
174	1629661	Cameron Johnson	1610612756	PHX	26.0	65	28	0.073	0.32	0.66	0.488	0.488	0.073	0.32	0.66	0.488	0.0	0.0	0.0	
175	201949	James Johnson	1610612751	BKN	35.0	62	30	0.134	0.29	0.66	0.439	0.439	0.134	0.29	0.66	0.439	0.0	0.0	0.0	
176	1630193	Immanuel Quickley	1610612752	NYK	23.0	77	30	0.072	0.25	0.66	0.373	0.451	0.048	0.14	0.44	0.324	0.024	0.1	0.22	0.471
177	1630245	Ayo Dosunmu	1610612741	CHI	22.0	77	35	0.093	0.35	0.65	0.54	0.54	0.093	0.35	0.65	0.54	0.0	0.0	0.0	
178	201565	Derrick Rose	1610612752	NYK	33.0	26	13	0.062	0.27	0.65	0.412	0.412	0.062	0.27	0.65	0.412	0.0	0.0	0.0	
179	1629611	Terance Mann	1610612746	LAC	25.0	80	36	0.076	0.24	0.65	0.365	0.365	0.076	0.24	0.65	0.365	0.0	0.0	0.0	
180	1628374	Lauri Markkanen	1610612739	CLE	25.0	61	27	0.056	0.38	0.64	0.59	0.59	0.056	0.38	0.64	0.59	0.0	0.0	0.0	
181	1630598	Aaron Wiggins	1610612760	OKC	23.0	50	23	0.095	0.34	0.64	0.531	0.531	0.095	0.34	0.64	0.531	0.0	0.0	0.0	
182	1628971	Bruce Brown	1610612751	BKN	25.0	72	33	0.091	0.28	0.64	0.435	0.435	0.091	0.28	0.64	0.435	0.0	0.0	0.0	
183	1630296	Braxton Key	1610612765	DET	25.0	11	4	0.097	0.27	0.64	0.429	0.429	0.097	0.27	0.64	0.429	0.0	0.0	0.0	
184	1630553	Keon Johnson	1610612757	POR	20.0	36	14	0.085	0.25	0.64	0.391	0.391	0.085	0.25	0.64	0.391	0.0	0.0	0.0	
185	203486	Mason Plumlee	1610612766	CHA	32.0	72	33	0.145	0.25	0.64	0.391	0.391	0.145	0.25	0.64	0.391	0.0	0.0	0.0	
186	1629002	Chimezie Metu	1610612758	SAC	25.0	59	28	0.085	0.24	0.64	0.368	0.368	0.085	0.24	0.64	0.368	0.0	0.0	0.0	
187	1630183	Jaden McDaniels	1610612750	MIN	21.0	70	33	0.079	0.36	0.63	0.568	0.568	0.079	0.36	0.63	0.568	0.0	0.0	0.0	
188	203926	Doug McDermott	1610612759	SAS	30.0	51	26	0.069	0.33	0.63	0.531	0.547	0.067	0.31	0.61	0.516	0.002	0.02	0.02	1.0
189	1630194	Paul Reed	1610612755	PHI	23.0	38	14	0.25	0.29	0.63	0.458	0.458	0.25	0.29	0.63	0.458	0.0	0.0	0.0	
190	204456	T.J. McConnell	1610612754	IND	30.0	27	14	0.082	0.26	0.63	0.412	0.412	0.082	0.26	0.63	0.412	0.0	0.0	0.0	
191	203506	Victor Oladipo	1610612748	MIA	30.0	8	4	0.068	0.25	0.63	0.4	0.4	0.068	0.25	0.63	0.4	0.0	0.0	0.0	
192	1629652	Luguentz Dort	1610612760	OKC	23.0	51	26	0.044	0.24	0.63	0.375	0.375	0.043	0.24	0.61	0.387	0.001	0.0	0.02	0.0
193	1630547	James Bouknight	1610612766	CHA	21.0	30	14	0.138	0.1	0.63	0.158	0.158	0.138	0.1	0.63	0.158	0.0	0.0	0.0	
194	1629060	Rui Hachimura	1610612764	WAS	24.0	42	20	0.069	0.38	0.62	0.615	0.615	0.069	0.38	0.62	0.615	0.0	0.0	0.0	
195	1630188	Jalen Smith	1610612754	IND	22.0	50	21	0.093	0.36	0.62	0.581	0.581	0.093	0.36	0.62	0.581	0.0	0.0	0.0	
196	1629026	Kenrich Williams	1610612760	OKC	27.0	49	23	0.095	0.29	0.61	0.467	0.467	0.088	0.29	0.57	0.5	0.006	0.0	0.04	0.0
197	203526	Raul Neto	1610612764	WAS	30.0	70	34	0.098	0.24	0.61	0.395	0.395	0.098	0.24	0.61	0.395	0.0	0.0	0.0	
198	203914	Gary Harris	1610612753	ORL	27.0	61	31	0.067	0.23	0.61	0.378	0.378	0.065	0.23	0.59	0.389	0.002	0.0	0.02	0.0
199	1626167	Myles Turner	1610612754	IND	26.0	42	18	0.063	0.36	0.6	0.6	0.6	0.063	0.36	0.6	0.6	0.0	0.0	0.0	
200	1630560	Cam Thomas	1610612751	BKN	20.0	67	27	0.08	0.19	0.6	0.325	0.325	0.08	0.19	0.6	0.325	0.0	0.0	0.0	
201	1630172	Patrick Williams	1610612741	CHI	20.0	17	7	0.098	0.41	0.59	0.7	0.7	0.098	0.41	0.59	0.7	0.0	0.0	0.0	
202	1628964	Mo Bamba	1610612753	ORL	24.0	71	33	0.068	0.3	0.59	0.5	0.5	0.068	0.3	0.59	0.5	0.0	0.0	0.0	
203	1628966	Keita Bates-Diop	1610612759	SAS	26.0	59	27	0.133	0.29	0.59	0.486	0.486	0.133	0.29	0.59	0.486	0.0	0.0	0.0	
204	203992	Bogdan Bogdanovic	1610612737	ATL	29.0	63	23	0.047	0.25	0.59	0.432	0.432	0.045	0.25	0.57	0.444	0.001	0.0	0.02	0.0
205	203210	JaMychal Green	1610612743	DEN	32.0	67	30	0.119	0.31	0.58	0.538	0.538	0.119	0.31	0.58	0.538	0.0	0.0	0.0	
206	1630167	Obi Toppin	1610612752	NYK	24.0	71	30	0.087	0.27	0.58	0.463	0.463	0.087	0.27	0.58	0.463	0.0	0.0	0.0	
207	1628402	Frank Jackson	1610612765	DET	24.0	53	20	0.064	0.25	0.58	0.419	0.452	0.056	0.21	0.51	0.407	0.008	0.04	0.08	0.5
208	1630169	Tyrese Haliburton	1610612754	IND	22.0	76	28	0.049	0.24	0.58	0.409	0.409	0.049	0.24	0.58	0.409	0.0	0.0	0.0	
209	1630527	Brandon Boston	1610612746	LAC	20.0	50	19	0.094	0.24	0.58	0.414	0.414	0.091	0.24	0.56	0.429	0.003	0.0	0.02	0.0
210	1628973	Jalen Brunson	1610612742	DAL	25.0	79	35	0.046	0.2	0.58	0.348	0.348	0.046	0.2	0.58	0.348	0.0	0.0	0.0	
211	203925	Joe Harris	1610612751	BKN	30.0	14	7	0.065	0.36	0.57	0.625	0.625	0.065	0.36	0.57	0.625	0.0	0.0	0.0	
212	1627884	Derrick Jones Jr.	1610612741	CHI	25.0	51	22	0.149	0.35	0.57	0.621	0.621	0.149	0.35	0.57	0.621	0.0	0.0	0.0	
213	1627761	DeAndre' Bembry	1610612749	MIL	27.0	56	24	0.144	0.23	0.57	0.406	0.406	0.144	0.23	0.57	0.406	0.0	0.0	0.0	
214	1628370	Malik Monk	1610612747	LAL	24.0	76	33	0.052	0.22	0.57	0.395	0.395	0.051	0.22	0.55	0.405	0.001	0.0	0.01	0.0
215	1626163	Frank Kaminsky	1610612756	PHX	29.0	9	4	0.077	0.44	0.56	0.8	0.8	0.077	0.44	0.56	0.8	0.0	0.0	0.0	
216	203939	Dwight Powell	1610612742	DAL	30.0	82	32	0.114	0.34	0.56	0.609	0.609	0.114	0.34	0.56	0.609	0.0	0.0	0.0	
217	203458	Alex Len	1610612758	SAC	29.0	39	15	0.125	0.31	0.56	0.545	0.545	0.125	0.31	0.56	0.545	0.0	0.0	0.0	
218	1629645	Kevin Porter Jr.	1610612745	HOU	22.0	61	26	0.042	0.21	0.56	0.382	0.397	0.04	0.2	0.52	0.375	0.002	0.02	0.03	0.5
219	201569	Eric Gordon	1610612745	HOU	33.0	57	22	0.057	0.21	0.56	0.375	0.375	0.057	0.21	0.56	0.375	0.0	0.0	0.0	
220	1629001	De'Anthony Melton	1610612763	MEM	24.0	72	34	0.058	0.19	0.56	0.35	0.363	0.055	0.18	0.53	0.342	0.003	0.01	0.03	0.5
221	201937	Ricky Rubio	1610612754	IND	31.0	34	15	0.046	0.12	0.56	0.211	0.211	0.046	0.12	0.56	0.211	0.0	0.0	0.0	
222	1630273	Freddie Gillespie	1610612753	ORL	25.0	9	3	0.227	0.11	0.56	0.2	0.2	0.227	0.11	0.56	0.2	0.0	0.0	0.0	
223	1630199	Cassius Stanley	1610612765	DET	22.0	9	3	0.109	0.11	0.56	0.2	0.2	0.109	0.11	0.56	0.2	0.0	0.0	0.0	
224	1629008	Michael Porter Jr.	1610612743	DEN	24.0	9	5	0.049	0.0	0.56	0.0	0.0	0.039	0.0	0.44	0.0	0.01	0.0	0.11	0.0
225	1629076	Tyler Cook	1610612741	CHI	24.0	20	11	0.289	0.35	0.55	0.636	0.636	0.289	0.35	0.55	0.636	0.0	0.0	0.0	
226	1630209	Omer Yurtseven	1610612748	MIA	24.0	56	23	0.128	0.32	0.55	0.581	0.581	0.128	0.32	0.55	0.581	0.0	0.0	0.0	
227	1629056	Terence Davis	1610612758	SAC	25.0	29	13	0.062	0.28	0.55	0.5	0.5	0.062	0.28	0.55	0.5	0.0	0.0	0.0	
228	1628464	Daniel Theis	1610612738	BOS	30.0	47	22	0.089	0.28	0.55	0.5	0.5	0.089	0.28	0.55	0.5	0.0	0.0	0.0	
229	1629629	Cam Reddish	1610612752	NYK	22.0	49	18	0.066	0.27	0.55	0.481	0.481	0.066	0.27	0.55	0.481	0.0	0.0	0.0	
230	201572	Brook Lopez	1610612749	MIL	34.0	13	5	0.053	0.38	0.54	0.714	0.714	0.053	0.38	0.54	0.714	0.0	0.0	0.0	
231	1630168	Onyeka Okongwu	1610612737	ATL	21.0	48	21	0.115	0.33	0.54	0.615	0.615	0.115	0.33	0.54	0.615	0.0	0.0	0.0	
232	203473	Dewayne Dedmon	1610612748	MIA	32.0	67	27	0.124	0.31	0.54	0.583	0.583	0.124	0.31	0.54	0.583	0.0	0.0	0.0	
233	203110	Draymond Green	1610612744	GSW	32.0	46	22	0.097	0.28	0.54	0.52	0.52	0.093	0.28	0.52	0.542	0.004	0.0	0.02	0.0
234	1628021	David Nwaba	1610612745	HOU	29.0	46	18	0.142	0.26	0.54	0.48	0.48	0.142	0.26	0.54	0.48	0.0	0.0	0.0	
235	1628962	Udoka Azubuike	1610612762	UTA	22.0	17	6	0.184	0.41	0.53	0.778	0.778	0.184	0.41	0.53	0.778	0.0	0.0	0.0	
236	202691	Klay Thompson	1610612744	GSW	32.0	32	12	0.03	0.31	0.53	0.588	0.647	0.021	0.25	0.38	0.667	0.009	0.06	0.16	0.4
237	203935	Marcus Smart	1610612738	BOS	28.0	70	30	0.052	0.24	0.53	0.459	0.459	0.052	0.24	0.53	0.459	0.0	0.0	0.0	
238	1629674	Neemias Queta	1610612758	SAC	22.0	15	5	0.211	0.2	0.53	0.375	0.375	0.211	0.2	0.53	0.375	0.0	0.0	0.0	
239	1628367	Josh Jackson	1610612758	SAC	25.0	50	21	0.09	0.3	0.52	0.577	0.577	0.09	0.3	0.52	0.577	0.0	0.0	0.0	
240	203090	Maurice Harkless	1610612758	SAC	29.0	46	21	0.137	0.3	0.52	0.583	0.583	0.137	0.3	0.52	0.583	0.0	0.0	0.0	
241	1628997	Caleb Martin	1610612748	MIA	26.0	60	24	0.076	0.28	0.52	0.548	0.548	0.076	0.28	0.52	0.548	0.0	0.0	0.0	
242	1629669	Jaylen Nowell	1610612750	MIN	22.0	62	23	0.077	0.24	0.52	0.469	0.469	0.077	0.24	0.52	0.469	0.0	0.0	0.0	
243	2730	Dwight Howard	1610612747	LAL	36.0	60	26	0.142	0.22	0.52	0.419	0.419	0.142	0.22	0.52	0.419	0.0	0.0	0.0	
244	1630613	Duane Washington Jr.	1610612754	IND	22.0	48	18	0.059	0.19	0.52	0.36	0.36	0.056	0.19	0.5	0.375	0.002	0.0	0.02	0.0
245	1629014	Anfernee Simons	1610612757	POR	23.0	57	23	0.036	0.23	0.51	0.448	0.483	0.033	0.19	0.46	0.423	0.004	0.04	0.05	0.667
246	203484	Kentavious Caldwell-Pope	1610612764	WAS	29.0	77	31	0.047	0.22	0.51	0.436	0.449	0.043	0.21	0.47	0.444	0.004	0.01	0.04	0.333
247	203937	Kyle Anderson	1610612763	MEM	28.0	69	27	0.075	0.2	0.51	0.4	0.4	0.075	0.2	0.51	0.4	0.0	0.0	0.0	
248	1629203	Jemerrio Jones	1610612747	LAL	27.0	2	1	0.333	0.5	0.5	1.0	1.0	0.333	0.5	0.5	1.0	0.0	0.0	0.0	
249	1629752	Juwan Morgan	1610612738	BOS	25.0	2	1	0.333	0.5	0.5	1.0	1.0	0.333	0.5	0.5	1.0	0.0	0.0	0.0	
250	1626208	Keifer Sykes	1610612754	IND	28.0	32	10	0.084	0.31	0.5	0.625	0.625	0.084	0.31	0.5	0.625	0.0	0.0	0.0	
251	1629649	Ignas Brazdeikis	1610612753	ORL	23.0	42	16	0.112	0.24	0.5	0.476	0.476	0.112	0.24	0.5	0.476	0.0	0.0	0.0	
252	1630535	Greg Brown III	1610612757	POR	20.0	48	17	0.127	0.21	0.5	0.417	0.417	0.127	0.21	0.5	0.417	0.0	0.0	0.0	
253	1630544	Tre Mann	1610612760	OKC	21.0	60	23	0.051	0.13	0.5	0.267	0.267	0.051	0.13	0.5	0.267	0.0	0.0	0.0	
254	1630994	Gabriel Lundberg	1610612756	PHX	27.0	4	1	0.105	0.0	0.5	0.0	0.0	0.105	0.0	0.5	0.0	0.0	0.0	0.0	
255	1629635	Sekou Doumbouya	1610612747	LAL	21.0	2	1	0.125	0.0	0.5	0.0	0.0	0.125	0.0	0.5	0.0	0.0	0.0	0.0	
256	1630640	M.J. Walker	1610612756	PHX	24.0	2	1	0.25	0.0	0.5	0.0	0.0	0.25	0.0	0.5	0.0	0.0	0.0	0.0	
257	1629168	BJ Johnson	1610612753	ORL	26.0	4	2	0.08	0.0	0.5	0.0	0.0	0.08	0.0	0.5	0.0	0.0	0.0	0.0	
258	1629783	Shaq Buchanan	1610612763	MEM	25.0	2	1	0.25	0.0	0.5	0.0	0.0	0.25	0.0	0.5	0.0	0.0	0.0	0.0	
259	202687	Bismack Biyombo	1610612756	PHX	29.0	35	16	0.119	0.34	0.49	0.706	0.706	0.119	0.34	0.49	0.706	0.0	0.0	0.0	
260	1630192	Zeke Nnaji	1610612743	DEN	21.0	41	18	0.108	0.29	0.49	0.6	0.6	0.108	0.29	0.49	0.6	0.0	0.0	0.0	
261	1627936	Alex Caruso	1610612741	CHI	28.0	41	17	0.078	0.22	0.49	0.45	0.45	0.07	0.22	0.44	0.5	0.008	0.0	0.05	0.0
262	200746	LaMarcus Aldridge	1610612751	BKN	36.0	47	17	0.05	0.21	0.49	0.435	0.435	0.05	0.21	0.49	0.435	0.0	0.0	0.0	
263	1628984	Devonte' Graham	1610612740	NOP	27.0	75	27	0.046	0.17	0.49	0.351	0.378	0.036	0.15	0.39	0.379	0.01	0.03	0.11	0.25
264	1628418	Thomas Bryant	1610612764	WAS	24.0	27	10	0.088	0.3	0.48	0.615	0.615	0.088	0.3	0.48	0.615	0.0	0.0	0.0	
265	1629604	CJ Elleby	1610612757	POR	22.0	58	22	0.091	0.17	0.48	0.357	0.357	0.091	0.17	0.48	0.357	0.0	0.0	0.0	
266	1630538	Bones Hyland	1610612743	DEN	21.0	69	29	0.058	0.14	0.48	0.303	0.303	0.056	0.14	0.46	0.313	0.002	0.0	0.01	0.0
267	1630230	Naji Marshall	1610612740	NOP	24.0	55	21	0.097	0.22	0.47	0.462	0.462	0.097	0.22	0.47	0.462	0.0	0.0	0.0	
268	201976	Patrick Beverley	1610612750	MIN	33.0	58	19	0.062	0.21	0.47	0.444	0.444	0.06	0.21	0.45	0.462	0.002	0.0	0.02	0.0
269	203901	Elfrid Payton	1610612756	PHX	28.0	49	20	0.137	0.12	0.47	0.261	0.261	0.137	0.12	0.47	0.261	0.0	0.0	0.0	
270	1626204	Larry Nance Jr.	1610612740	NOP	29.0	46	20	0.085	0.33	0.46	0.714	0.714	0.085	0.33	0.46	0.714	0.0	0.0	0.0	
271	1629637	Jaxson Hayes	1610612740	NOP	22.0	69	26	0.081	0.28	0.46	0.594	0.594	0.081	0.28	0.46	0.594	0.0	0.0	0.0	
272	1629021	Moritz Wagner	1610612753	ORL	25.0	63	22	0.073	0.27	0.46	0.586	0.586	0.073	0.27	0.46	0.586	0.0	0.0	0.0	
273	1630570	Trendon Watford	1610612757	POR	21.0	48	15	0.082	0.25	0.46	0.545	0.545	0.082	0.25	0.46	0.545	0.0	0.0	0.0	
274	201599	DeAndre Jordan	1610612755	PHI	33.0	48	16	0.154	0.21	0.46	0.455	0.455	0.154	0.21	0.46	0.455	0.0	0.0	0.0	
275	1629750	Javonte Green	1610612741	CHI	28.0	65	24	0.089	0.29	0.45	0.655	0.655	0.089	0.29	0.45	0.655	0.0	0.0	0.0	
276	1628420	Monte Morris	1610612743	DEN	27.0	75	28	0.044	0.23	0.45	0.5	0.5	0.044	0.23	0.45	0.5	0.0	0.0	0.0	
277	200782	P.J. Tucker	1610612748	MIA	37.0	71	24	0.075	0.2	0.45	0.438	0.438	0.075	0.2	0.45	0.438	0.0	0.0	0.0	
278	1630846	Olivier Sarr	1610612760	OKC	23.0	22	7	0.099	0.18	0.45	0.4	0.4	0.099	0.18	0.45	0.4	0.0	0.0	0.0	
279	1630181	R.J. Hampton	1610612753	ORL	21.0	64	25	0.063	0.13	0.45	0.276	0.293	0.059	0.11	0.42	0.259	0.004	0.02	0.03	0.5
280	200768	Kyle Lowry	1610612748	MIA	36.0	63	20	0.045	0.25	0.44	0.571	0.571	0.041	0.25	0.41	0.615	0.003	0.0	0.03	0.0
281	201143	Al Horford	1610612738	BOS	36.0	68	24	0.053	0.25	0.44	0.567	0.567	0.053	0.25	0.44	0.567	0.0	0.0	0.0	
282	1626169	Stanley Johnson	1610612747	LAL	26.0	48	15	0.084	0.23	0.44	0.524	0.524	0.084	0.23	0.44	0.524	0.0	0.0	0.0	
283	1630556	Kessler Edwards	1610612751	BKN	21.0	48	13	0.079	0.21	0.44	0.476	0.476	0.079	0.21	0.44	0.476	0.0	0.0	0.0	
284	1629018	Gary Trent Jr.	1610612761	TOR	23.0	70	19	0.029	0.21	0.44	0.484	0.484	0.027	0.21	0.41	0.517	0.002	0.0	0.03	0.0
285	1627827	Dorian Finney-Smith	1610612742	DAL	29.0	80	26	0.051	0.19	0.44	0.429	0.429	0.051	0.19	0.44	0.429	0.0	0.0	0.0	
286	1626153	Delon Wright	1610612737	ATL	30.0	77	28	0.126	0.17	0.44	0.382	0.382	0.126	0.17	0.44	0.382	0.0	0.0	0.0	
287	1629308	Juan Toscano-Anderson	1610612744	GSW	29.0	73	23	0.136	0.14	0.44	0.313	0.313	0.132	0.14	0.42	0.323	0.004	0.0	0.01	0.0
288	203082	Terrence Ross	1610612753	ORL	31.0	63	23	0.051	0.14	0.44	0.321	0.411	0.036	0.06	0.32	0.2	0.014	0.08	0.13	0.625
289	1630240	Saben Lee	1610612765	DET	23.0	36	12	0.094	0.11	0.44	0.25	0.25	0.094	0.11	0.44	0.25	0.0	0.0	0.0	
290	1629023	P.J. Washington	1610612766	CHA	23.0	65	23	0.052	0.23	0.43	0.536	0.536	0.052	0.23	0.43	0.536	0.0	0.0	0.0	
291	1628988	Aaron Holiday	1610612756	PHX	25.0	63	18	0.08	0.22	0.43	0.519	0.537	0.077	0.21	0.41	0.5	0.003	0.02	0.02	1.0
292	1629642	Nassir Little	1610612757	POR	22.0	42	15	0.057	0.21	0.43	0.5	0.5	0.057	0.21	0.43	0.5	0.0	0.0	0.0	
293	1628392	Isaiah Hartenstein	1610612746	LAC	24.0	68	23	0.079	0.21	0.43	0.483	0.483	0.079	0.21	0.43	0.483	0.0	0.0	0.0	
294	1630249	Vit Krejci	1610612760	OKC	22.0	30	10	0.078	0.2	0.43	0.462	0.462	0.078	0.2	0.43	0.462	0.0	0.0	0.0	
295	202692	Alec Burks	1610612752	NYK	30.0	80	27	0.047	0.19	0.43	0.441	0.471	0.042	0.16	0.38	0.433	0.006	0.03	0.05	0.5
296	1628366	Lonzo Ball	1610612741	CHI	24.0	35	12	0.039	0.17	0.43	0.4	0.4	0.039	0.17	0.43	0.4	0.0	0.0	0.0	
297	1630170	Devin Vassell	1610612759	SAS	21.0	71	23	0.039	0.23	0.42	0.533	0.533	0.039	0.23	0.42	0.533	0.0	0.0	0.0	
298	201567	Kevin Love	1610612739	CLE	33.0	74	24	0.041	0.19	0.42	0.452	0.452	0.038	0.19	0.39	0.483	0.003	0.0	0.03	0.0
299	201144	Mike Conley	1610612762	UTA	34.0	72	22	0.038	0.19	0.42	0.467	0.467	0.038	0.19	0.42	0.467	0.0	0.0	0.0	
300	1630585	Marcus Garrett	1610612748	MIA	23.0	12	4	0.238	0.17	0.42	0.4	0.4	0.238	0.17	0.42	0.4	0.0	0.0	0.0	
301	204025	Tim Frazier	1610612739	CLE	31.0	12	5	0.111	0.17	0.42	0.4	0.4	0.111	0.17	0.42	0.4	0.0	0.0	0.0	
302	201586	Serge Ibaka	1610612749	MIL	32.0	53	20	0.076	0.17	0.42	0.409	0.409	0.076	0.17	0.42	0.409	0.0	0.0	0.0	
303	1630583	Santi Aldama	1610612763	MEM	21.0	31	8	0.102	0.13	0.42	0.308	0.308	0.102	0.13	0.42	0.308	0.0	0.0	0.0	
304	1627780	Gary Payton II	1610612744	GSW	29.0	70	21	0.085	0.24	0.41	0.586	0.586	0.085	0.24	0.41	0.586	0.0	0.0	0.0	
305	1629684	Grant Williams	1610612738	BOS	23.0	76	21	0.072	0.22	0.41	0.548	0.548	0.072	0.22	0.41	0.548	0.0	0.0	0.0	
306	202362	Lance Stephenson	1610612754	IND	31.0	46	17	0.059	0.2	0.41	0.474	0.474	0.059	0.2	0.41	0.474	0.0	0.0	0.0	
307	1628470	Torrey Craig	1610612756	PHX	31.0	78	25	0.073	0.19	0.41	0.469	0.469	0.073	0.19	0.41	0.469	0.0	0.0	0.0	
308	201959	Taj Gibson	1610612752	NYK	37.0	51	14	0.129	0.18	0.41	0.429	0.429	0.129	0.18	0.41	0.429	0.0	0.0	0.0	
309	2546	Carmelo Anthony	1610612747	LAL	38.0	69	22	0.039	0.17	0.41	0.429	0.429	0.039	0.17	0.41	0.429	0.0	0.0	0.0	
310	202738	Isaiah Thomas	1610612766	CHA	33.0	22	7	0.054	0.09	0.41	0.222	0.222	0.054	0.09	0.41	0.222	0.0	0.0	0.0	
311	1630602	Chaundee Brown Jr.	1610612737	ATL	23.0	5	2	0.063	0.2	0.4	0.5	0.5	0.063	0.2	0.4	0.5	0.0	0.0	0.0	
312	1629103	Kelan Martin	1610612738	BOS	26.0	30	10	0.07	0.2	0.4	0.5	0.5	0.07	0.2	0.4	0.5	0.0	0.0	0.0	
313	202694	Marcus Morris Sr.	1610612746	LAC	32.0	53	16	0.031	0.15	0.4	0.381	0.381	0.028	0.15	0.36	0.421	0.003	0.0	0.04	0.0
314	202709	Cory Joseph	1610612765	DET	30.0	65	22	0.065	0.14	0.4	0.346	0.346	0.063	0.14	0.38	0.36	0.003	0.0	0.02	0.0
315	1629022	Lonnie Walker IV	1610612759	SAS	23.0	70	22	0.037	0.13	0.4	0.321	0.321	0.037	0.13	0.4	0.321	0.0	0.0	0.0	
316	1630528	Josh Christopher	1610612745	HOU	20.0	74	24	0.058	0.14	0.39	0.345	0.345	0.058	0.14	0.39	0.345	0.0	0.0	0.0	
317	1630177	Theo Maledon	1610612760	OKC	21.0	51	16	0.063	0.12	0.39	0.3	0.3	0.063	0.12	0.39	0.3	0.0	0.0	0.0	
318	1629632	Coby White	1610612741	CHI	22.0	61	20	0.037	0.11	0.39	0.292	0.292	0.037	0.11	0.39	0.292	0.0	0.0	0.0	
319	1629672	Eric Paschall	1610612762	UTA	25.0	58	17	0.094	0.24	0.38	0.636	0.636	0.094	0.24	0.38	0.636	0.0	0.0	0.0	
320	1626159	Justise Winslow	1610612757	POR	26.0	47	12	0.07	0.19	0.38	0.5	0.5	0.07	0.19	0.38	0.5	0.0	0.0	0.0	
321	1626147	Justin Anderson	1610612754	IND	28.0	16	6	0.063	0.19	0.38	0.5	0.5	0.063	0.19	0.38	0.5	0.0	0.0	0.0	
322	1626224	Cedi Osman	1610612739	CLE	27.0	66	21	0.044	0.18	0.38	0.48	0.5	0.042	0.17	0.36	0.458	0.002	0.02	0.02	1.0
323	203095	Evan Fournier	1610612752	NYK	29.0	79	25	0.032	0.18	0.38	0.467	0.5	0.028	0.15	0.33	0.462	0.004	0.03	0.05	0.5
324	1630233	Nathan Knight	1610612750	MIN	24.0	37	9	0.159	0.16	0.38	0.429	0.429	0.159	0.16	0.38	0.429	0.0	0.0	0.0	
325	1630625	Dalano Banton	1610612761	TOR	22.0	64	16	0.119	0.11	0.38	0.292	0.292	0.119	0.11	0.38	0.292	0.0	0.0	0.0	
326	1630526	Jeremiah Robinson-Earl	1610612760	OKC	21.0	49	14	0.056	0.1	0.37	0.278	0.278	0.056	0.1	0.37	0.278	0.0	0.0	0.0	
327	1628989	Kevin Huerter	1610612737	ATL	23.0	74	21	0.036	0.18	0.36	0.481	0.481	0.033	0.18	0.34	0.52	0.003	0.0	0.03	0.0
328	202339	Eric Bledsoe	1610612757	POR	32.0	53	18	0.042	0.17	0.36	0.474	0.474	0.042	0.17	0.36	0.474	0.0	0.0	0.0	
329	1629633	Jarrett Culver	1610612763	MEM	23.0	36	11	0.098	0.14	0.36	0.385	0.385	0.098	0.14	0.36	0.385	0.0	0.0	0.0	
330	1629003	Shake Milton	1610612755	PHI	25.0	55	14	0.05	0.13	0.36	0.35	0.35	0.05	0.13	0.36	0.35	0.0	0.0	0.0	
331	203920	Khem Birch	1610612761	TOR	29.0	55	18	0.1	0.13	0.36	0.35	0.35	0.1	0.13	0.36	0.35	0.0	0.0	0.0	
332	1628978	Donte DiVincenzo	1610612758	SAC	25.0	42	12	0.045	0.12	0.36	0.333	0.367	0.042	0.1	0.33	0.286	0.003	0.02	0.02	1.0
333	201568	Danilo Gallinari	1610612737	ATL	33.0	66	18	0.04	0.12	0.36	0.333	0.333	0.04	0.12	0.36	0.333	0.0	0.0	0.0	
334	1627777	Georges Niang	1610612755	PHI	29.0	76	20	0.048	0.12	0.36	0.333	0.333	0.048	0.12	0.36	0.333	0.0	0.0	0.0	
335	1630631	Jose Alvarado	1610612740	NOP	24.0	53	17	0.066	0.11	0.36	0.316	0.316	0.066	0.11	0.36	0.316	0.0	0.0	0.0	
336	1627846	Abdel Nader	1610612756	PHX	28.0	14	4	0.143	0.0	0.36	0.0	0.0	0.143	0.0	0.36	0.0	0.0	0.0	0.0	
337	1629660	Ty Jerome	1610612760	OKC	24.0	48	15	0.052	0.19	0.35	0.529	0.529	0.052	0.19	0.35	0.529	0.0	0.0	0.0	
338	1629646	Charles Bassey	1610612755	PHI	21.0	23	8	0.17	0.17	0.35	0.5	0.5	0.17	0.17	0.35	0.5	0.0	0.0	0.0	
339	1628396	Tony Bradley	1610612741	CHI	24.0	55	16	0.154	0.16	0.35	0.474	0.474	0.154	0.16	0.35	0.474	0.0	0.0	0.0	
340	203648	Thanasis Antetokounmpo	1610612749	MIL	29.0	48	15	0.133	0.13	0.35	0.353	0.353	0.133	0.13	0.35	0.353	0.0	0.0	0.0	
341	1630568	Luka Garza	1610612765	DET	23.0	31	10	0.079	0.13	0.35	0.364	0.364	0.079	0.13	0.35	0.364	0.0	0.0	0.0	
342	1628960	Grayson Allen	1610612749	MIL	26.0	66	17	0.04	0.12	0.35	0.348	0.413	0.033	0.08	0.29	0.263	0.007	0.05	0.06	0.75
343	1630557	Corey Kispert	1610612764	WAS	23.0	77	24	0.051	0.23	0.34	0.692	0.692	0.049	0.23	0.32	0.72	0.002	0.0	0.01	0.0
344	1630533	Ziaire Williams	1610612763	MEM	20.0	61	20	0.05	0.21	0.34	0.619	0.619	0.05	0.21	0.34	0.619	0.0	0.0	0.0	
345	1629052	Oshae Brissett	1610612754	IND	24.0	67	17	0.045	0.15	0.34	0.435	0.435	0.045	0.15	0.34	0.435	0.0	0.0	0.0	
346	203496	Robert Covington	1610612746	LAC	31.0	71	20	0.048	0.14	0.34	0.417	0.417	0.046	0.14	0.32	0.435	0.002	0.0	0.01	0.0
347	1627736	Malik Beasley	1610612750	MIN	25.0	79	23	0.032	0.14	0.34	0.407	0.463	0.025	0.1	0.27	0.381	0.007	0.04	0.08	0.5
348	1626196	Josh Richardson	1610612759	SAS	28.0	64	17	0.042	0.14	0.34	0.409	0.409	0.042	0.14	0.34	0.409	0.0	0.0	0.0	
349	203200	Justin Holiday	1610612758	SAC	33.0	74	19	0.038	0.09	0.34	0.28	0.28	0.03	0.09	0.27	0.35	0.008	0.0	0.07	0.0
350	1628411	Wes Iwundu	1610612737	ATL	27.0	3	1	0.056	0.33	0.33	1.0	1.0	0.056	0.33	0.33	1.0	0.0	0.0	0.0	
351	201609	Goran Dragic	1610612751	BKN	36.0	21	6	0.046	0.24	0.33	0.714	0.714	0.046	0.24	0.33	0.714	0.0	0.0	0.0	
352	200765	Rajon Rondo	1610612739	CLE	36.0	39	8	0.073	0.18	0.33	0.538	0.538	0.073	0.18	0.33	0.538	0.0	0.0	0.0	
353	1630227	Daishen Nix	1610612745	HOU	20.0	24	7	0.119	0.17	0.33	0.5	0.5	0.119	0.17	0.33	0.5	0.0	0.0	0.0	
354	1630559	Austin Reaves	1610612747	LAL	24.0	61	16	0.063	0.16	0.33	0.5	0.5	0.063	0.16	0.33	0.5	0.0	0.0	0.0	
355	203107	Tomas Satoransky	1610612764	WAS	30.0	55	15	0.094	0.16	0.33	0.5	0.5	0.094	0.16	0.33	0.5	0.0	0.0	0.0	
356	1630184	Kira Lewis Jr.	1610612740	NOP	21.0	24	7	0.055	0.08	0.33	0.25	0.25	0.055	0.08	0.33	0.25	0.0	0.0	0.0	
357	203469	Cody Zeller	1610612757	POR	29.0	27	7	0.1	0.04	0.33	0.111	0.111	0.1	0.04	0.33	0.111	0.0	0.0	0.0	
358	1629686	Deividas Sirvydis	1610612765	DET	22.0	3	1	0.1	0.0	0.33	0.0	0.0	0.1	0.0	0.33	0.0	0.0	0.0	0.0	
359	1627767	Cheick Diallo	1610612765	DET	25.0	3	1	0.125	0.0	0.33	0.0	0.0	0.125	0.0	0.33	0.0	0.0	0.0	0.0	
360	1629682	Tremont Waters	1610612764	WAS	24.0	3	1	0.071	0.0	0.33	0.0	0.0	0.0	0.0	0.0		0.071	0.0	0.33	0.0
361	203658	Norvel Pelle	1610612762	UTA	29.0	3	1	0.2	0.0	0.33	0.0	0.0	0.2	0.0	0.33	0.0	0.0	0.0	0.0	
362	1627782	Wayne Selden	1610612752	NYK	27.0	3	1	0.25	0.0	0.33	0.0	0.0	0.25	0.0	0.33	0.0	0.0	0.0	0.0	
363	1628476	Derrick Walton Jr.	1610612765	DET	27.0	3	1	0.038	0.0	0.33	0.0	0.0	0.038	0.0	0.33	0.0	0.0	0.0	0.0	
364	1630187	Daniel Oturu	1610612761	TOR	22.0	3	1	0.167	0.0	0.33	0.0	0.0	0.167	0.0	0.33	0.0	0.0	0.0	0.0	
365	1629622	Max Strus	1610612748	MIA	26.0	68	16	0.039	0.19	0.32	0.591	0.659	0.028	0.15	0.24	0.625	0.011	0.04	0.09	0.5
366	1630219	Skylar Mays	1610612737	ATL	24.0	28	6	0.141	0.18	0.32	0.556	0.556	0.141	0.18	0.32	0.556	0.0	0.0	0.0	
367	1629004	Svi Mykhailiuk	1610612761	TOR	25.0	56	14	0.077	0.18	0.32	0.556	0.556	0.077	0.18	0.32	0.556	0.0	0.0	0.0	
368	1629670	Jordan Nwora	1610612749	MIL	23.0	62	14	0.043	0.16	0.32	0.5	0.5	0.043	0.16	0.32	0.5	0.0	0.0	0.0	
369	1630264	Anthony Gill	1610612764	WAS	29.0	44	10	0.128	0.16	0.32	0.5	0.5	0.128	0.16	0.32	0.5	0.0	0.0	0.0	
370	1629599	Amir Coffey	1610612746	LAC	25.0	68	19	0.048	0.12	0.32	0.364	0.364	0.048	0.12	0.32	0.364	0.0	0.0	0.0	
371	1629726	Garrison Mathews	1610612745	HOU	25.0	65	18	0.046	0.09	0.32	0.286	0.357	0.015	0.05	0.11	0.429	0.03	0.05	0.22	0.214
372	1630208	Nick Richards	1610612766	CHA	24.0	49	11	0.176	0.16	0.31	0.533	0.533	0.176	0.16	0.31	0.533	0.0	0.0	0.0	
373	1630182	Josh Green	1610612742	DAL	21.0	67	19	0.082	0.15	0.31	0.476	0.476	0.082	0.15	0.31	0.476	0.0	0.0	0.0	
374	203501	Tim Hardaway Jr.	1610612742	DAL	30.0	42	11	0.025	0.14	0.31	0.462	0.462	0.025	0.14	0.31	0.462	0.0	0.0	0.0	
375	1630530	Trey Murphy III	1610612740	NOP	22.0	62	17	0.069	0.13	0.31	0.421	0.421	0.069	0.13	0.31	0.421	0.0	0.0	0.0	
376	203552	Seth Curry	1610612751	BKN	31.0	64	17	0.027	0.13	0.31	0.4	0.45	0.024	0.09	0.28	0.333	0.003	0.03	0.03	1.0
377	1630165	Killian Hayes	1610612765	DET	20.0	65	18	0.045	0.06	0.31	0.2	0.2	0.045	0.06	0.31	0.2	0.0	0.0	0.0	
378	1630536	Sharife Cooper	1610612737	ATL	21.0	13	3	0.286	0.0	0.31	0.0	0.0	0.286	0.0	0.31	0.0	0.0	0.0	0.0	
379	1629111	Jock Landale	1610612759	SAS	26.0	54	13	0.078	0.2	0.3	0.688	0.688	0.078	0.2	0.3	0.688	0.0	0.0	0.0	
380	1628981	Bruno Fernando	1610612745	HOU	23.0	30	4	0.164	0.2	0.3	0.667	0.667	0.164	0.2	0.3	0.667	0.0	0.0	0.0	
381	1629617	Reggie Perry	1610612757	POR	22.0	10	2	0.038	0.2	0.3	0.667	0.667	0.038	0.2	0.3	0.667	0.0	0.0	0.0	
382	202357	Nemanja Bjelica	1610612744	GSW	34.0	70	20	0.063	0.17	0.3	0.571	0.571	0.063	0.17	0.3	0.571	0.0	0.0	0.0	
383	1629735	Chris Silva	1610612748	MIA	25.0	10	3	0.2	0.1	0.3	0.333	0.333	0.2	0.1	0.3	0.333	0.0	0.0	0.0	
384	1630563	Joshua Primo	1610612759	SAS	19.0	50	12	0.056	0.08	0.3	0.267	0.267	0.056	0.08	0.3	0.267	0.0	0.0	0.0	
385	1626161	Willie Cauley-Stein	1610612755	PHI	28.0	20	4	0.171	0.05	0.3	0.167	0.167	0.171	0.05	0.3	0.167	0.0	0.0	0.0	
386	1628993	Alize Johnson	1610612740	NOP	26.0	23	5	0.184	0.04	0.3	0.143	0.143	0.184	0.04	0.3	0.143	0.0	0.0	0.0	
387	1630176	Vernon Carey Jr.	1610612764	WAS	21.0	7	2	0.154	0.29	0.29	1.0	1.0	0.154	0.29	0.29	1.0	0.0	0.0	0.0	
388	1629644	KZ Okpala	1610612748	MIA	23.0	21	3	0.087	0.19	0.29	0.667	0.667	0.087	0.19	0.29	0.667	0.0	0.0	0.0	
389	1628035	Alfonzo McKinnie	1610612741	CHI	29.0	17	4	0.082	0.12	0.29	0.4	0.4	0.082	0.12	0.29	0.4	0.0	0.0	0.0	
390	1630612	RJ Nembhard Jr.	1610612739	CLE	23.0	14	4	0.222	0.07	0.29	0.25	0.25	0.222	0.07	0.29	0.25	0.0	0.0	0.0	
391	1630555	Joel Ayayi	1610612764	WAS	22.0	7	1	0.333	0.0	0.29	0.0	0.0	0.333	0.0	0.29	0.0	0.0	0.0	0.0	
392	202066	Garrett Temple	1610612740	NOP	36.0	58	15	0.055	0.09	0.28	0.313	0.313	0.055	0.09	0.28	0.313	0.0	0.0	0.0	
393	1629683	Quinndary Weatherspoon	1610612744	GSW	25.0	11	3	0.143	0.18	0.27	0.667	0.667	0.143	0.18	0.27	0.667	0.0	0.0	0.0	
394	1627788	Furkan Korkmaz	1610612755	PHI	24.0	67	14	0.038	0.15	0.27	0.556	0.556	0.036	0.15	0.25	0.588	0.002	0.0	0.01	0.0
395	200752	Rudy Gay	1610612762	UTA	35.0	55	13	0.04	0.15	0.27	0.533	0.533	0.04	0.15	0.27	0.533	0.0	0.0	0.0	
396	1629680	Matisse Thybulle	1610612755	PHI	25.0	66	16	0.06	0.14	0.27	0.5	0.5	0.06	0.14	0.27	0.5	0.0	0.0	0.0	
397	1628425	Sterling Brown	1610612742	DAL	27.0	49	10	0.084	0.1	0.27	0.385	0.385	0.084	0.1	0.27	0.385	0.0	0.0	0.0	
398	1629605	Tacko Fall	1610612739	CLE	26.0	11	2	0.25	0.09	0.27	0.333	0.333	0.25	0.09	0.27	0.333	0.0	0.0	0.0	
399	201988	Patty Mills	1610612751	BKN	33.0	81	18	0.028	0.07	0.27	0.273	0.273	0.021	0.07	0.21	0.353	0.006	0.0	0.06	0.0
400	203463	Ben McLemore	1610612757	POR	29.0	64	16	0.032	0.06	0.27	0.235	0.294	0.017	0.03	0.14	0.222	0.015	0.03	0.13	0.25
401	1627752	Taurean Prince	1610612750	MIN	28.0	69	15	0.046	0.13	0.26	0.5	0.5	0.046	0.13	0.26	0.5	0.0	0.0	0.0	
402	201588	George Hill	1610612749	MIL	36.0	54	11	0.051	0.11	0.26	0.429	0.429	0.047	0.11	0.24	0.462	0.004	0.0	0.02	0.0
403	1627863	Danuel House Jr.	1610612762	UTA	29.0	42	11	0.056	0.1	0.26	0.364	0.364	0.056	0.1	0.26	0.364	0.0	0.0	0.0	
404	1630214	Xavier Tillman Sr.	1610612763	MEM	23.0	53	11	0.065	0.06	0.26	0.214	0.214	0.065	0.06	0.26	0.214	0.0	0.0	0.0	
405	1630647	Eugene Omoruyi	1610612742	DAL	25.0	4	1	0.2	0.25	0.25	1.0	1.0	0.2	0.25	0.25	1.0	0.0	0.0	0.0	
406	1630222	Mason Jones	1610612747	LAL	23.0	4	1	0.067	0.25	0.25	1.0	1.0	0.067	0.25	0.25	1.0	0.0	0.0	0.0	
407	1628391	D.J. Wilson	1610612761	TOR	26.0	4	1	0.067	0.25	0.25	1.0	1.0	0.067	0.25	0.25	1.0	0.0	0.0	0.0	
408	1630271	Brodric Thomas	1610612738	BOS	25.0	12	3	0.167	0.17	0.25	0.667	0.667	0.167	0.17	0.25	0.667	0.0	0.0	0.0	
409	1630586	Usman Garuba	1610612745	HOU	20.0	24	5	0.136	0.17	0.25	0.667	0.667	0.136	0.17	0.25	0.667	0.0	0.0	0.0	
410	1629641	Romeo Langford	1610612759	SAS	22.0	48	10	0.063	0.13	0.25	0.5	0.5	0.063	0.13	0.25	0.5	0.0	0.0	0.0	
411	1630201	Malachi Flynn	1610612761	TOR	24.0	44	10	0.06	0.11	0.25	0.455	0.5	0.055	0.09	0.23	0.4	0.005	0.02	0.02	1.0
412	203085	Austin Rivers	1610612743	DEN	29.0	67	15	0.049	0.1	0.25	0.412	0.412	0.049	0.1	0.25	0.412	0.0	0.0	0.0	
413	202397	Ish Smith	1610612764	WAS	33.0	64	14	0.038	0.09	0.25	0.375	0.375	0.038	0.09	0.25	0.375	0.0	0.0	0.0	
414	1629755	Hassani Gravett	1610612753	ORL	25.0	8	2	0.053	0.0	0.25	0.0	0.0	0.053	0.0	0.25	0.0	0.0	0.0	0.0	
415	1630643	Jay Huff	1610612747	LAL	24.0	4	1	0.333	0.0	0.25	0.0	0.0	0.333	0.0	0.25	0.0	0.0	0.0	0.0	
416	1628994	George King	1610612742	DAL	28.0	4	1	0.2	0.0	0.25	0.0	0.0	0.2	0.0	0.25	0.0	0.0	0.0	0.0	
417	1630648	Jordan Schakel	1610612764	WAS	24.0	4	1	0.091	0.0	0.25	0.0	0.0	0.091	0.0	0.25	0.0	0.0	0.0	0.0	
418	1627854	Bryn Forbes	1610612743	DEN	28.0	75	16	0.033	0.09	0.24	0.389	0.444	0.026	0.07	0.19	0.357	0.007	0.03	0.05	0.5
419	203493	Reggie Bullock	1610612742	DAL	31.0	68	14	0.032	0.07	0.24	0.313	0.313	0.026	0.07	0.19	0.385	0.006	0.0	0.04	0.0
420	1628373	Frank Ntilikina	1610612742	DAL	23.0	58	12	0.063	0.07	0.24	0.286	0.286	0.063	0.07	0.24	0.286	0.0	0.0	0.0	
421	1630606	Javonte Smart	1610612748	MIA	23.0	17	4	0.067	0.06	0.24	0.25	0.25	0.067	0.06	0.24	0.25	0.0	0.0	0.0	
422	1628539	Mychal Mulder	1610612748	MIA	28.0	17	4	0.052	0.06	0.24	0.25	0.25	0.052	0.06	0.24	0.25	0.0	0.0	0.0	
423	203504	Trey Burke	1610612742	DAL	29.0	42	8	0.047	0.02	0.24	0.1	0.1	0.047	0.02	0.24	0.1	0.0	0.0	0.0	
424	1630686	Georgios Kalaitzakis	1610612760	OKC	23.0	13	2	0.045	0.23	0.23	1.0	1.0	0.045	0.23	0.23	1.0	0.0	0.0	0.0	
425	1626220	Royce O'Neale	1610612762	UTA	29.0	77	15	0.041	0.13	0.23	0.556	0.556	0.041	0.13	0.23	0.556	0.0	0.0	0.0	
426	1628379	Luke Kennard	1610612746	LAC	26.0	70	14	0.025	0.1	0.23	0.438	0.469	0.022	0.09	0.2	0.429	0.003	0.01	0.03	0.5
427	1627823	Juancho Hernangomez	1610612762	UTA	26.0	40	7	0.085	0.1	0.23	0.444	0.444	0.085	0.1	0.23	0.444	0.0	0.0	0.0	
428	1630210	Markus Howard	1610612743	DEN	23.0	31	4	0.069	0.1	0.23	0.429	0.5	0.059	0.06	0.19	0.333	0.01	0.03	0.03	1.0
429	203490	Otto Porter Jr.	1610612744	GSW	29.0	62	10	0.034	0.1	0.23	0.429	0.429	0.034	0.1	0.23	0.429	0.0	0.0	0.0	
430	1629603	Mamadi Diakite	1610612760	OKC	25.0	13	2	0.064	0.08	0.23	0.333	0.333	0.064	0.08	0.23	0.333	0.0	0.0	0.0	
431	2617	Udonis Haslem	1610612748	MIA	42.0	13	2	0.097	0.08	0.23	0.333	0.333	0.097	0.08	0.23	0.333	0.0	0.0	0.0	
432	1627814	Damion Lee	1610612744	GSW	29.0	62	12	0.038	0.08	0.23	0.357	0.357	0.038	0.08	0.23	0.357	0.0	0.0	0.0	
433	1628408	P.J. Dozier	1610612743	DEN	25.0	18	4	0.04	0.22	0.22	1.0	1.0	0.04	0.22	0.22	1.0	0.0	0.0	0.0	
434	1628467	Maxi Kleber	1610612742	DAL	30.0	59	11	0.037	0.14	0.22	0.615	0.615	0.034	0.14	0.2	0.667	0.003	0.0	0.02	0.0
435	1630250	Marko Simonovic	1610612741	CHI	22.0	9	2	0.133	0.11	0.22	0.5	0.5	0.133	0.11	0.22	0.5	0.0	0.0	0.0	
436	1626246	Boban Marjanovic	1610612742	DAL	33.0	23	3	0.071	0.09	0.22	0.4	0.4	0.071	0.09	0.22	0.4	0.0	0.0	0.0	
437	203585	Rodney McGruder	1610612765	DET	30.0	50	7	0.05	0.08	0.22	0.364	0.364	0.041	0.08	0.18	0.444	0.009	0.0	0.04	0.0
438	1630235	Trent Forrest	1610612762	UTA	24.0	60	12	0.084	0.02	0.22	0.077	0.077	0.084	0.02	0.22	0.077	0.0	0.0	0.0	
439	1629712	Didi Louzada	1610612757	POR	22.0	9	2	0.061	0.0	0.22	0.0	0.0	0.061	0.0	0.22	0.0	0.0	0.0	0.0	
440	1627789	Timothe Luwawu-Cabarrot	1610612737	ATL	27.0	52	10	0.059	0.12	0.21	0.545	0.545	0.059	0.12	0.21	0.545	0.0	0.0	0.0	
441	200794	Paul Millsap	1610612755	PHI	37.0	33	6	0.061	0.12	0.21	0.571	0.571	0.061	0.12	0.21	0.571	0.0	0.0	0.0	
442	202340	Avery Bradley	1610612747	LAL	31.0	62	9	0.037	0.1	0.21	0.462	0.462	0.037	0.1	0.21	0.462	0.0	0.0	0.0	
443	1629162	Jordan McLaughlin	1610612750	MIN	26.0	62	12	0.065	0.1	0.21	0.462	0.462	0.065	0.1	0.21	0.462	0.0	0.0	0.0	
444	1630202	Payton Pritchard	1610612738	BOS	24.0	71	15	0.04	0.1	0.21	0.467	0.467	0.038	0.1	0.2	0.5	0.003	0.0	0.01	0.0
445	1629216	Gabe Vincent	1610612748	MIA	26.0	68	14	0.027	0.09	0.21	0.429	0.464	0.021	0.07	0.16	0.455	0.006	0.01	0.04	0.333
446	203087	Jeremy Lamb	1610612758	SAC	30.0	56	12	0.035	0.07	0.21	0.333	0.333	0.032	0.07	0.2	0.364	0.003	0.0	0.02	0.0
447	1629643	Chuma Okeke	1610612753	ORL	23.0	70	14	0.026	0.07	0.21	0.333	0.333	0.026	0.07	0.21	0.333	0.0	0.0	0.0	
448	1628972	Troy Brown Jr.	1610612741	CHI	22.0	66	11	0.054	0.05	0.21	0.214	0.214	0.054	0.05	0.21	0.214	0.0	0.0	0.0	
449	1629312	Haywood Highsmith	1610612748	MIA	25.0	19	3	0.087	0.05	0.21	0.25	0.25	0.087	0.05	0.21	0.25	0.0	0.0	0.0	
450	1629663	Louis King	1610612758	SAC	23.0	10	2	0.043	0.2	0.2	1.0	1.0	0.043	0.2	0.2	1.0	0.0	0.0	0.0	
451	1630243	Trevelin Queen	1610612745	HOU	25.0	10	2	0.061	0.2	0.2	1.0	1.0	0.061	0.2	0.2	1.0	0.0	0.0	0.0	
452	1630637	Carlik Jones	1610612743	DEN	24.0	5	1	0.111	0.2	0.2	1.0	1.0	0.111	0.2	0.2	1.0	0.0	0.0	0.0	
453	101150	Lou Williams	1610612737	ATL	35.0	56	8	0.034	0.11	0.2	0.545	0.545	0.034	0.11	0.2	0.545	0.0	0.0	0.0	
454	203457	Nerlens Noel	1610612752	NYK	28.0	25	5	0.083	0.08	0.2	0.4	0.4	0.083	0.08	0.2	0.4	0.0	0.0	0.0	
455	1630267	Facundo Campazzo	1610612743	DEN	31.0	65	13	0.044	0.05	0.2	0.231	0.231	0.044	0.05	0.2	0.231	0.0	0.0	0.0	
456	1629962	Devin Cannady	1610612753	ORL	26.0	5	1	0.023	0.0	0.2	0.0	0.0	0.023	0.0	0.2	0.0	0.0	0.0	0.0	
457	202688	Brandon Knight	1610612742	DAL	30.0	5	1	0.04	0.0	0.2	0.0	0.0	0.04	0.0	0.2	0.0	0.0	0.0	0.0	
458	1630758	Aleem Ford	1610612753	ORL	24.0	5	1	0.05	0.0	0.2	0.0	0.0	0.05	0.0	0.2	0.0	0.0	0.0	0.0	
459	203488	Mike Muscala	1610612760	OKC	30.0	43	6	0.032	0.12	0.19	0.625	0.625	0.032	0.12	0.19	0.625	0.0	0.0	0.0	
460	1629130	Duncan Robinson	1610612748	MIA	28.0	79	14	0.021	0.09	0.19	0.467	0.533	0.014	0.06	0.13	0.5	0.007	0.03	0.06	0.4
461	1629667	Jalen McDaniels	1610612766	CHA	24.0	54	7	0.04	0.09	0.19	0.5	0.5	0.04	0.09	0.19	0.5	0.0	0.0	0.0	
462	1630551	Justin Champagnie	1610612761	TOR	21.0	36	6	0.104	0.08	0.19	0.429	0.429	0.104	0.08	0.19	0.429	0.0	0.0	0.0	
463	201980	Danny Green	1610612755	PHI	35.0	62	12	0.038	0.03	0.19	0.167	0.208	0.028	0.02	0.15	0.111	0.009	0.02	0.05	0.333
464	1629653	Devon Dotson	1610612741	CHI	22.0	11	2	0.087	0.18	0.18	1.0	1.0	0.087	0.18	0.18	1.0	0.0	0.0	0.0	
465	202693	Markieff Morris	1610612748	MIA	32.0	17	3	0.026	0.18	0.18	1.0	1.0	0.026	0.18	0.18	1.0	0.0	0.0	0.0	
466	1630552	Jalen Johnson	1610612737	ATL	20.0	22	4	0.098	0.14	0.18	0.75	0.75	0.098	0.14	0.18	0.75	0.0	0.0	0.0	
467	1629723	John Konchar	1610612763	MEM	26.0	72	12	0.05	0.07	0.18	0.385	0.385	0.05	0.07	0.18	0.385	0.0	0.0	0.0	
468	1626145	Tyus Jones	1610612763	MEM	26.0	72	12	0.024	0.07	0.18	0.385	0.385	0.024	0.07	0.18	0.385	0.0	0.0	0.0	
469	202083	Wesley Matthews	1610612749	MIL	35.0	49	8	0.041	0.06	0.18	0.333	0.333	0.041	0.06	0.18	0.333	0.0	0.0	0.0	
470	1629731	Dean Wade	1610612739	CLE	25.0	51	9	0.041	0.06	0.18	0.333	0.333	0.041	0.06	0.18	0.333	0.0	0.0	0.0	
471	202954	Brad Wanamaker	1610612764	WAS	32.0	23	3	0.052	0.13	0.17	0.75	0.75	0.052	0.13	0.17	0.75	0.0	0.0	0.0	
472	1630579	Jericho Sims	1610612752	NYK	23.0	41	7	0.13	0.1	0.17	0.571	0.571	0.13	0.1	0.17	0.571	0.0	0.0	0.0	
473	1629013	Landry Shamet	1610612756	PHX	25.0	69	12	0.025	0.09	0.17	0.5	0.5	0.023	0.09	0.16	0.545	0.002	0.0	0.01	0.0
474	1629164	Brandon Goodwin	1610612739	CLE	26.0	36	4	0.039	0.08	0.17	0.5	0.5	0.032	0.08	0.14	0.6	0.006	0.0	0.03	0.0
475	1628995	Kevin Knox II	1610612737	ATL	22.0	30	5	0.059	0.07	0.17	0.4	0.4	0.059	0.07	0.17	0.4	0.0	0.0	0.0	
476	1630572	Sandro Mamukelashvili	1610612749	MIL	23.0	41	7	0.061	0.07	0.17	0.429	0.429	0.061	0.07	0.17	0.429	0.0	0.0	0.0	
477	1629620	Justin Robinson	1610612765	DET	24.0	24	4	0.044	0.04	0.17	0.25	0.25	0.044	0.04	0.17	0.25	0.0	0.0	0.0	
478	101108	Chris Paul	1610612756	PHX	37.0	64	10	0.015	0.03	0.17	0.182	0.182	0.015	0.03	0.17	0.182	0.0	0.0	0.0	
479	204020	Tyler Johnson	1610612759	SAS	30.0	6	1	0.05	0.0	0.17	0.0	0.0	0.0	0.0	0.0		0.05	0.0	0.17	0.0
480	1630225	Isaiah Todd	1610612764	WAS	20.0	12	2	0.077	0.0	0.17	0.0	0.0	0.077	0.0	0.17	0.0	0.0	0.0	0.0	
481	1627820	Tyrone Wallace	1610612740	NOP	28.0	6	1	0.05	0.0	0.17	0.0	0.0	0.05	0.0	0.17	0.0	0.0	0.0	0.0	
482	1630688	Ish Wainright	1610612756	PHX	27.0	44	5	0.07	0.07	0.16	0.429	0.429	0.07	0.07	0.16	0.429	0.0	0.0	0.0	
483	1629006	Josh Okogie	1610612750	MIN	23.0	49	8	0.077	0.06	0.16	0.375	0.375	0.077	0.06	0.16	0.375	0.0	0.0	0.0	
484	1629657	Kyle Guy	1610612748	MIA	24.0	19	3	0.046	0.05	0.16	0.333	0.333	0.046	0.05	0.16	0.333	0.0	0.0	0.0	
485	1629623	Lindell Wigginton	1610612749	MIL	24.0	19	2	0.049	0.05	0.16	0.333	0.333	0.049	0.05	0.16	0.333	0.0	0.0	0.0	
486	1630322	Lindy Waters III	1610612760	OKC	24.0	25	4	0.023	0.04	0.16	0.25	0.25	0.023	0.04	0.16	0.25	0.0	0.0	0.0	
487	1630198	Isaiah Joe	1610612755	PHI	22.0	55	6	0.045	0.09	0.15	0.625	0.625	0.04	0.09	0.13	0.714	0.006	0.0	0.02	0.0
488	1626192	Pat Connaughton	1610612749	MIL	29.0	65	10	0.02	0.09	0.15	0.6	0.6	0.02	0.09	0.15	0.6	0.0	0.0	0.0	
489	203109	Jae Crowder	1610612756	PHX	31.0	67	10	0.018	0.07	0.15	0.5	0.55	0.013	0.06	0.1	0.571	0.006	0.01	0.04	0.333
490	1629717	Armoni Brooks	1610612761	TOR	24.0	54	7	0.028	0.02	0.15	0.125	0.125	0.014	0.02	0.07	0.25	0.014	0.0	0.07	0.0
491	202722	Davis Bertans	1610612742	DAL	29.0	56	8	0.029	0.05	0.14	0.375	0.5	0.011	0.02	0.05	0.333	0.018	0.04	0.09	0.4
492	203476	Gorgui Dieng	1610612737	ATL	32.0	44	5	0.054	0.05	0.14	0.333	0.333	0.054	0.05	0.14	0.333	0.0	0.0	0.0	
493	1629109	Gary Clark	1610612740	NOP	27.0	37	4	0.06	0.0	0.14	0.0	0.0	0.048	0.0	0.11	0.0	0.012	0.0	0.03	0.0
494	1630466	Gabriel Deck	1610612760	OKC	27.0	7	1	0.071	0.0	0.14	0.0	0.0	0.071	0.0	0.14	0.0	0.0	0.0	0.0	
495	204038	Langston Galloway	1610612749	MIL	30.0	7	1	0.038	0.0	0.14	0.0	0.0	0.038	0.0	0.14	0.0	0.0	0.0	0.0	
496	1628436	Luke Kornet	1610612738	BOS	26.0	15	2	0.074	0.13	0.13	1.0	1.0	0.074	0.13	0.13	1.0	0.0	0.0	0.0	
497	1629719	Devontae Cacok	1610612759	SAS	25.0	15	2	0.065	0.07	0.13	0.5	0.5	0.065	0.07	0.13	0.5	0.0	0.0	0.0	
498	1628400	Semi Ojeleye	1610612746	LAC	27.0	30	3	0.04	0.07	0.13	0.5	0.5	0.04	0.07	0.13	0.5	0.0	0.0	0.0	
499	1629678	Admiral Schofield	1610612753	ORL	25.0	38	3	0.039	0.05	0.13	0.4	0.4	0.039	0.05	0.13	0.4	0.0	0.0	0.0	
500	2772	Trevor Ariza	1610612747	LAL	37.0	24	3	0.03	0.04	0.13	0.333	0.333	0.02	0.04	0.08	0.5	0.01	0.0	0.04	0.0
501	1630540	Miles McBride	1610612752	NYK	21.0	40	5	0.048	0.03	0.13	0.2	0.2	0.048	0.03	0.13	0.2	0.0	0.0	0.0	
502	204060	Joe Ingles	1610612757	POR	34.0	45	5	0.021	0.02	0.13	0.167	0.167	0.021	0.02	0.13	0.167	0.0	0.0	0.0	
503	203145	Kent Bazemore	1610612747	LAL	32.0	39	5	0.036	0.0	0.13	0.0	0.0	0.036	0.0	0.13	0.0	0.0	0.0	0.0	
504	201571	D.J. Augustin	1610612747	LAL	34.0	55	7	0.032	0.0	0.13	0.0	0.0	0.018	0.0	0.07	0.0	0.014	0.0	0.05	0.0
505	1629067	Isaac Bonga	1610612761	TOR	22.0	15	1	0.154	0.0	0.13	0.0	0.0	0.154	0.0	0.13	0.0	0.0	0.0	0.0	
506	203917	Nik Stauskas	1610612738	BOS	28.0	8	1	0.071	0.0	0.13	0.0	0.0	0.071	0.0	0.13	0.0	0.0	0.0	0.0	
507	1628432	Davon Reed	1610612743	DEN	27.0	48	6	0.037	0.0	0.13	0.0	0.0	0.037	0.0	0.13	0.0	0.0	0.0	0.0	
508	1629833	Keljin Blevins	1610612757	POR	26.0	31	4	0.036	0.0	0.13	0.0	0.0	0.036	0.0	0.13	0.0	0.0	0.0	0.0	
509	1630206	Jay Scrubb	1610612746	LAC	21.0	17	2	0.044	0.12	0.12	1.0	1.0	0.044	0.12	0.12	1.0	0.0	0.0	0.0	
510	1630541	Moses Moody	1610612744	GSW	20.0	51	6	0.034	0.1	0.12	0.833	0.833	0.034	0.1	0.12	0.833	0.0	0.0	0.0	
511	1627774	Jake Layman	1610612750	MIN	28.0	34	4	0.055	0.09	0.12	0.75	0.75	0.055	0.09	0.12	0.75	0.0	0.0	0.0	
512	203918	Rodney Hood	1610612746	LAC	29.0	52	6	0.038	0.08	0.12	0.667	0.667	0.038	0.08	0.12	0.667	0.0	0.0	0.0	
513	1630215	Jared Butler	1610612762	UTA	21.0	42	5	0.033	0.05	0.12	0.4	0.4	0.033	0.05	0.12	0.4	0.0	0.0	0.0	
514	1629185	Chris Chiozza	1610612744	GSW	26.0	33	3	0.051	0.0	0.12	0.0	0.0	0.051	0.0	0.12	0.0	0.0	0.0	0.0	
515	1629656	Quentin Grimes	1610612752	NYK	22.0	45	5	0.021	0.07	0.11	0.6	0.6	0.017	0.07	0.09	0.75	0.004	0.0	0.02	0.0
516	1630587	Isaiah Livers	1610612765	DET	23.0	19	2	0.022	0.05	0.11	0.5	0.5	0.022	0.05	0.11	0.5	0.0	0.0	0.0	
517	1630186	Jahmi'us Ramsey	1610612758	SAC	21.0	19	1	0.034	0.05	0.11	0.5	0.5	0.034	0.05	0.11	0.5	0.0	0.0	0.0	
518	1630792	Malcolm Hill	1610612741	CHI	26.0	19	2	0.038	0.05	0.11	0.5	0.5	0.038	0.05	0.11	0.5	0.0	0.0	0.0	
519	1629139	Yuta Watanabe	1610612761	TOR	27.0	38	4	0.029	0.03	0.11	0.25	0.25	0.029	0.03	0.11	0.25	0.0	0.0	0.0	
520	1628778	Paul Watson	1610612760	OKC	27.0	9	1	0.029	0.0	0.11	0.0	0.0	0.029	0.0	0.11	0.0	0.0	0.0	0.0	
521	201587	Nicolas Batum	1610612746	LAC	33.0	58	6	0.016	0.07	0.1	0.667	0.667	0.01	0.07	0.07	1.0	0.005	0.0	0.03	0.0
522	2738	Andre Iguodala	1610612744	GSW	38.0	30	3	0.025	0.07	0.1	0.667	0.667	0.025	0.07	0.1	0.667	0.0	0.0	0.0	
523	1630550	JT Thor	1610612766	CHA	19.0	33	3	0.055	0.06	0.09	0.667	0.667	0.055	0.06	0.09	0.667	0.0	0.0	0.0	
524	1630195	Leandro Bolmaro	1610612750	MIN	21.0	35	3	0.056	0.03	0.09	0.333	0.333	0.056	0.03	0.09	0.333	0.0	0.0	0.0	
525	1629681	Killian Tillie	1610612763	MEM	24.0	35	3	0.025	0.03	0.09	0.333	0.333	0.025	0.03	0.09	0.333	0.0	0.0	0.0	
526	1629619	Myles Powell	1610612755	PHI	24.0	11	1	0.059	0.0	0.09	0.0	0.0	0.059	0.0	0.09	0.0	0.0	0.0	0.0	
527	1629718	Charlie Brown Jr.	1610612755	PHI	25.0	22	1	0.051	0.0	0.09	0.0	0.0	0.051	0.0	0.09	0.0	0.0	0.0	0.0	
528	1627822	Petr Cornelie	1610612743	DEN	26.0	13	1	0.067	0.08	0.08	1.0	1.0	0.067	0.08	0.08	1.0	0.0	0.0	0.0	
529	1630691	Jamorko Pickett	1610612765	DET	24.0	13	1	0.02	0.08	0.08	1.0	1.0	0.02	0.08	0.08	1.0	0.0	0.0	0.0	
530	1630190	Elijah Hughes	1610612757	POR	24.0	36	3	0.021	0.0	0.08	0.0	0.0	0.021	0.0	0.08	0.0	0.0	0.0	0.0	
531	203524	Solomon Hill	1610612737	ATL	31.0	13	1	0.05	0.0	0.08	0.0	0.0	0.05	0.0	0.08	0.0	0.0	0.0	0.0	
532	203953	Jabari Parker	1610612738	BOS	27.0	12	1	0.026	0.0	0.08	0.0	0.0	0.026	0.0	0.08	0.0	0.0	0.0	0.0	
533	1630582	Yves Pons	1610612763	MEM	23.0	12	1	0.063	0.0	0.08	0.0	0.0	0.063	0.0	0.08	0.0	0.0	0.0	0.0	
534	1630174	Aaron Nesmith	1610612738	BOS	22.0	52	3	0.016	0.06	0.06	1.0	1.0	0.016	0.06	0.06	1.0	0.0	0.0	0.0	
535	1629685	Dylan Windler	1610612739	CLE	25.0	50	3	0.031	0.04	0.06	0.667	0.833	0.02	0.02	0.04	0.5	0.01	0.02	0.02	1.0
536	203503	Tony Snell	1610612740	NOP	30.0	53	3	0.018	0.02	0.06	0.333	0.333	0.018	0.02	0.06	0.333	0.0	0.0	0.0	
537	1628975	Jevon Carter	1610612749	MIL	26.0	66	4	0.016	0.02	0.06	0.25	0.25	0.016	0.02	0.06	0.25	0.0	0.0	0.0	
538	1630539	Kai Jones	1610612766	CHA	21.0	20	1	0.071	0.05	0.05	1.0	1.0	0.071	0.05	0.05	1.0	0.0	0.0	0.0	
539	201961	Wayne Ellington	1610612747	LAL	34.0	43	2	0.008	0.0	0.05	0.0	0.0	0.004	0.0	0.02	0.0	0.004	0.0	0.02	0.0
540	1630698	Kevin Pangos	1610612739	CLE	29.0	24	1	0.022	0.04	0.04	1.0	1.0	0.022	0.04	0.04	1.0	0.0	0.0	0.0	
541	1630573	Sam Hauser	1610612738	BOS	24.0	26	1	0.02	0.04	0.04	1.0	1.0	0.02	0.04	0.04	1.0	0.0	0.0	0.0	
542	1630580	Joe Wieskamp	1610612759	SAS	22.0	29	1	0.018	0.03	0.03	1.0	1.0	0.018	0.03	0.03	1.0	0.0	0.0	0.0	
543	202334	Ed Davis	1610612739	CLE	33.0	31	1	0.063	0.0	0.03	0.0	0.0	0.063	0.0	0.03	0.0	0.0	0.0	0.0	
